Website Name,Product URL,Product Category,Title,Quantity,Ex VAT Price,Inc VAT Price,Currency,Brand,Condition,Product Description,Image Src 1,Image Position 1,Image Src 2,Image Position 2,Image Src 3,Image Position 3,Image Src 4,Image Position 4,Image Src 5,Image Position 5,Image Src 6,Image Position 6,Image Src 7,Image Position 7
cuesale.com,https://cuesale.com/product/showtec-psa-631-power-distributor/,Power distribution,Showtec PSA-631 Power Distributor,1,345.00,POA,EUR,Showtec,,"Showtec PSA-631 Power Distributor
Specifications :
Front:
Digital voltage & amperage-monitoring per Phase.
Residual current circuitbreaker FI 63A 4 pol. 0,03A
4 x 32A ‘C’ automatic fuses.
Back:
Input: 1,5 m (5 wires) cable with CEE-socket 3 x 63A
Output: 4 pcs. CEE 3 x 32A socket
Dimensions: 480 x 135 x 265mm (LxHxD, 3U)
Weight: 9,5 kg
This product can only be used indoor and operated by classified personnel.",https://cuesale.com/wp-content/uploads/2026/09/showtec-psa631-3.jpg,1,https://cuesale.com/wp-content/uploads/2026/09/showtec-psa631-2.jpg,2,https://cuesale.com/wp-content/uploads/2026/09/showtec-psa631-1.jpg,3,,4,,5,,6,,7
cuesale.com,https://cuesale.com/product/showtec-powersplit32-power-distributor/,Power distribution,Showtec Powersplit32 Power Distributor,3,65.00,POA,EUR,Showtec,,"Showtec Powersplit32 Power Distributor
Power Distributor with Fuse
Features :
Input voltage: 380 V, 32 A
Input connector: CEE, 32 A, 5-pin
Power output: 6x 230 V
Output connector: protective-earth contact
Fuse: 6 x C-16
Dimensions (L x W x H): 465 x 165 x 125 mm
Weight: 4.5 kg",https://cuesale.com/wp-content/uploads/2026/09/showtec-powersplit32-3-1.jpg,1,https://cuesale.com/wp-content/uploads/2026/09/showtec-powersplit32-3-2.jpg,2,,3,,4,,5,,6,,7
cuesale.com,https://cuesale.com/product/konig-kn-hdmicon21-vga-to-hdmi-converter/,Video Accessories,König KN-HDMICON21 VGA To HDMI Converter,1,25.00,POA,EUR,,,"König KN-HDMICON21 VGA To HDMI Converter
This Converter converts VGA input into HDMI to allow PC users to send video signals from a PC to a TV. The conversion includes the R/L audio signal. Includes psu (not pictured).
Specifications :
Input:
VGA HD 15-pin female
2x RCA female (audio)
Output: HDMI Connector female
HDMI version: High speed HDMI
Input res. support: 640*480, 720*576, 800*600, 1024*768, 1280*720, 1280*768, 1280*960, 1280*1024, 1360*765, 1920*1080
Output max. resolution: 1920×1080 or 480p/ 720i/ 720p/ 1080i/ 1080p
Bandwidth: 1.65 Gbps
Power: 5 V DC
Housing: Metal
Supports HDCP
LED power indication
Built-in equalizer",https://cuesale.com/wp-content/uploads/2026/09/konig-KN-HDMICON21-1.jpg,1,https://cuesale.com/wp-content/uploads/2026/09/konig-KN-HDMICON21-2.jpg,2,,3,,4,,5,,6,,7
cuesale.com,https://cuesale.com/product/flightcase-s56/,Flightcases,Flightcase S56,1,75.00,POA,EUR,,,"Flightcase S56
Approximately 56 x 51 x 31 cm external dimensions.
Approximately 52 x 48 x 25 cm internal dimensions.",https://cuesale.com/wp-content/uploads/2026/09/flightcase-S56-1.jpg,1,https://cuesale.com/wp-content/uploads/2026/09/flightcase-S56-2.jpg,2,,3,,4,,5,,6,,7
cuesale.com,https://cuesale.com/product/yamaha-cl5-digital-mixing-console/,Digital Mixing Consoles,Yamaha CL5 Digital Mixing Console,3,8995.00,POA,EUR,Yamaha,,"Yamaha CL5 Digital Mixing Console
Package consists of 2 flightcases, one holds the PSU.
With a three-section fader layout for efficient hands-on control, the CL5 is the ideal choice for a diverse spectrum of live sound systems.
Quick features :
Input channels: 72 mono, 8 stereo.
Fader configuration: 16-fader left section, 8-fader Centralogic section, 8-fader right section, 2-fader master section .
Stainless steel stay for iPad support.
Built-in meter bridge.",https://cuesale.com/wp-content/uploads/2026/09/yamaha-cl5-incl-psu-4.jpg,1,https://cuesale.com/wp-content/uploads/2026/09/yamaha-cl5-incl-psu-3.jpg,2,https://cuesale.com/wp-content/uploads/2026/09/yamaha-cl5-incl-psu-5.jpg,3,https://cuesale.com/wp-content/uploads/2026/09/yamaha-cl5-incl-psu-2.jpg,4,https://cuesale.com/wp-content/uploads/2026/09/yamaha-cl5-incl-psu-7.jpg,5,https://cuesale.com/wp-content/uploads/2026/09/yamaha-cl5-incl-psu-6.jpg,6,https://cuesale.com/wp-content/uploads/2026/09/yamaha-cl5-incl-psu-1.jpg,7
cuesale.com,https://cuesale.com/product/showtec-studio-beam-cdm-hci-150/,Profile,Showtec Studio Beam CDM/HCI-150,40,19.00,POA,EUR,Showtec,,"Showtec Studio Beam CDM/HCI-150
The Showtec Studio Beam CDM/HCI-150 is a compact Spot including a ballas and G12 socket fit for a light source up to 150 watt, suitable for indoor venues.
Specifications : 
Light source : CDM/HCI discharge
Lamp : 150 W
Lamp base : G12
Ballast : Integrated
Supply : 230/240 V AC, 50–60 Hz
Dimmable : No
Output : ~14,000 lm",https://cuesale.com/wp-content/uploads/2026/09/showtec-30691-studio-beam-cdm-hci-150-silver-1.jpg,1,https://cuesale.com/wp-content/uploads/2026/09/showtec-30691-studio-beam-cdm-hci-150-silver-2.jpg,2,,3,,4,,5,,6,,7
cuesale.com,https://cuesale.com/product/retevis-rt24-porto-set/,Sound Accessories,Retevis RT24 Porto Set,1,395.00,POA,EUR,,,"Retevis RT24 Porto Set
Set consists of :
15x RT24 Porto
8x charging station (6 mounted)
1x Anker usb charger (6 outputs)
4x usb charger
1x Retevis RTC21 new in box (6-port rapid charger set)
Retevis RT24 is a license-free PMR446 business walkie talkie with high-quality sound, a long battery life, and a great range.",https://cuesale.com/wp-content/uploads/2026/09/retevis-porto-set-1.jpg,1,https://cuesale.com/wp-content/uploads/2026/09/retevis-porto-set-2.jpg,2,https://cuesale.com/wp-content/uploads/2026/09/retevis-porto-set-3.jpg,3,https://cuesale.com/wp-content/uploads/2026/09/retevis-porto-set-4.jpg,4,,5,,6,,7
cuesale.com,https://cuesale.com/product/ld-systems-sp-4k-amplifier/,Amplifiers,LD Systems SP 4K Amplifier,1,595.00,POA,EUR,LD Systems,,"LD Systems SP 4K Amplifier
Features : 
ICL — Intelligent Clip Limiting
PMS — Power Management System
DC protection
Short-circuit protection
Thermal protection
Power-supply overload protection
Soft start
Output muting at startup
Open/incorrect-load protection
Stereo / bridge mode
Dual/link input mode
Selectable 26/32/38 dB gain
Signal, temperature, PMS and ICL indicators
Specifications : 
Amplifier topology : Class H
Power supply : Switching PSU
Output @ 2Ω : 2 × 1,950 W
Output @ 4Ω : 2 × 1,380 W
Output @ 8Ω : 2 × 810 W
Bridge @ 4Ω : 3,900 W
Bridge @ 8Ω : 2,760 W
Test frequency : 1 kHz
Frequency response : 20 Hz – 20 kHz
THD : <0.05%
S/N ratio : 116 dB
Damping factor : >500
Crosstalk : >75 dB
Voltage gain : 26 / 32 / 38 dB
Input sensitivity : 4 / 2 / 1 V
Inputs : Balanced XLR
Outputs : 2 × Speakon",https://cuesale.com/wp-content/uploads/2026/09/ld-systems-SP-4K-1.jpg,1,https://cuesale.com/wp-content/uploads/2026/09/ld-systems-SP-4K-2.jpg,2,,3,,4,,5,,6,,7
cuesale.com,https://cuesale.com/product/ld-systems-sp-1k8-amplifier/,Amplifiers,LD Systems SP 1K8 Amplifier,2,495.00,POA,EUR,LD Systems,,"LD Systems SP 1K8 Amplifier
Specifications : 
Channels : 2
Output @ 2Ω : 2 × 880 W
Output @ 4Ω : 2 × 575 W
Output @ 8Ω : 2 × 325 W
Bridge @ 4Ω : 1,760 W
Bridge @ 8Ω : 1,150 W
Test frequency : 1 kHz
THD : <0.05%
Frequency response : 20 Hz – 20 kHz
Damping factor : >500 @ 8 Ω, 20–500 Hz
Crosstalk : >75 dB
S/N ratio : 112 dB
Voltage gain : 26 / 32 / 38 dB selectable
Input sensitivity : 2.6 / 1.3 / 0.6 V
Amplifier topology : Class H, SMPS",https://cuesale.com/wp-content/uploads/2026/09/ld-systems-SP-1K8-1.jpg,1,https://cuesale.com/wp-content/uploads/2026/09/ld-systems-SP-1K8-2.jpg,2,,3,,4,,5,,6,,7
cuesale.com,https://cuesale.com/product/ld-systems-ds2-1-processor/,Audio Processors,LD Systems DS2.1 Processor,1,175.00,POA,EUR,LD Systems,,"LD Systems DS2.1 Processor
Features :
Type : 2+1 channel loudspeaker processor
DSP : 28-bit DSP
A/D / D/A : 24-bit / 48 kHz
Inputs : 2 × balanced XLR (L/R)
Outputs : 3 × balanced XLR (L/R/Sub)
Frequency response : 20 Hz – 20 kHz
S/N ratio : 87 dB
THD : 0.005%
Crosstalk : >80 dB
Input impedance : 22 kΩ
Max. input level : +13 dBu
Output impedance : 300 Ω
Max. output level : +13 dBu
Gain range : −60 to +6 dB, 0.5 dB steps
Output delay : 0–12.5 ms
EQ : 3-band parametric, per channel
EQ gain : −12 to +12 dB, 0.1 dB steps
EQ frequency : 20 Hz–20 kHz
EQ Q : 0.4–128
EQ types : Peak, Low Shelf, High Shelf
Polarity : 0° / 180°
HPF : 10 Hz–16 kHz
HPF slopes : 6 / 12 / 24 dB/oct
LPF : 35 Hz–20 kHz
LPF slopes : 6 / 12 / 18 / 24 dB/oct
Crossover types : Butterworth, Bessel, Linkwitz-Riley
Crossover max slopes : BW 24 dB/oct, Bessel 24 dB/oct, LR 24 dB/oct
Limiter : L/R and Sub, threshold + hold
Limiter range : −40 to +10 dBu / OFF
Presets : 6 user presets
Display : 2 × 16-character backlit LCD
Computer interface : USB-B",https://cuesale.com/wp-content/uploads/2026/09/ld-systems-ds2.1-1.jpg,1,https://cuesale.com/wp-content/uploads/2026/09/ld-systems-ds2.1-2.jpg,2,,3,,4,,5,,6,,7
cuesale.com,https://cuesale.com/product/ld-systems-dpa-260-processor/,Audio Processors,LD Systems DPA-260 Processor,2,245.00,POA,EUR,LD Systems,,"LD Systems DPA-260 Processor
Features : 
Inputs : 2 × analogue, balanced
Outputs : 6 × analogue, balanced
DSP : 32-bit
A/D, D/A : 24-bit / 48 kHz
Frequency response : 20 Hz – 20 kHz
Max input : +20 dBu
Dynamic range : 111 dB A-weighted
S/N : >106 dB
THD : <0.005%
Input : EQ 5-band PEQ + low/high shelf
Output :  EQ 7-band PEQ + low/high shelf
Filters : Butterworth, Bessel, Linkwitz-Riley
Slopes : 6 / 12 / 18 / 24 dB/oct
Delay : 0–848.998 ms
Limiter : Threshold, attack & release
Presets : 24 internal
Control : Front panel + USB / RS485",https://cuesale.com/wp-content/uploads/2026/09/ld-systems-dpa-260-1.jpg,1,https://cuesale.com/wp-content/uploads/2026/09/ld-systems-dpa-260-2.jpg,2,,3,,4,,5,,6,,7
cuesale.com,https://cuesale.com/product/flightcase-vkk/,Flightcases,Flightcase VKK,1,145.00,POA,EUR,,,"Flightcase VKK
Approximately 66 x 52 x 62cm external dimensions.
Approximately 20 x 48 x 40cm internal dimensions.",https://cuesale.com/wp-content/uploads/2026/09/flightcase-vkk-1.jpg,1,https://cuesale.com/wp-content/uploads/2026/09/flightcase-vkk-2.jpg,2,,3,,4,,5,,6,,7
cuesale.com,https://cuesale.com/product/flightcase-t8/,Flightcases,Flightcase T8,2,295.00,POA,EUR,,,"Flightcase T8
Approximately 65 x 60 x 93cm external dimensions.
Approximately 55 x 30 x 30cm (top)
Approximately 54 x 26 x 27cm (bottom)
Previously housed db technologies T8 rigging gear.",https://cuesale.com/wp-content/uploads/2026/09/flightcase-T8-3.jpg,1,https://cuesale.com/wp-content/uploads/2026/09/flightcase-T8-2.jpg,2,https://cuesale.com/wp-content/uploads/2026/09/flightcase-T8-1.jpg,3,,4,,5,,6,,7
cuesale.com,https://cuesale.com/product/flightcase-s12-2/,Flightcases,Flightcase S12-2,3,195.00,POA,EUR,,,"Flightcase S12-2
Approximately 90 x 45 x 82cm external dimensions.",https://cuesale.com/wp-content/uploads/2026/09/flightcase-s12-2-1.jpg,1,https://cuesale.com/wp-content/uploads/2026/09/flightcase-s12-2-2.jpg,2,,3,,4,,5,,6,,7
cuesale.com,https://cuesale.com/product/flightcase-s12/,Flightcases,Flightcase S12,2,165.00,POA,EUR,,,"Flightcase S12
Approximately 94 x 49 x 78cm external dimensions.",https://cuesale.com/wp-content/uploads/2026/09/flightcase-S12-1.jpg,1,https://cuesale.com/wp-content/uploads/2026/09/flightcase-S12-2.jpg,2,,3,,4,,5,,6,,7
cuesale.com,https://cuesale.com/product/flightcase-porto/,Flightcases,Flightcase Porto,1,125.00,POA,EUR,,,"Flightcase Porto
Approximately 70 x 64 x 47cm external dimensions.",https://cuesale.com/wp-content/uploads/2026/09/flightcase-porto-2.jpg,1,https://cuesale.com/wp-content/uploads/2026/09/flightcase-porto-3.jpg,2,https://cuesale.com/wp-content/uploads/2026/09/flightcase-porto-1.jpg,3,,4,,5,,6,,7
cuesale.com,https://cuesale.com/product/flightcase-lh8/,Flightcases,Flightcase LH8,1,135.00,POA,EUR,,,"Flightcase LH8
8U
Approximately 54 x 40 x 79cm external dimensions.",https://cuesale.com/wp-content/uploads/2026/09/flightcase-LH8-2.jpg,1,https://cuesale.com/wp-content/uploads/2026/09/flightcase-LH8-3.jpg,2,https://cuesale.com/wp-content/uploads/2026/09/flightcase-LH8-1.jpg,3,,4,,5,,6,,7
cuesale.com,https://cuesale.com/product/flightcase-dva4/,Flightcases,Flightcase DVA4,1,195.00,POA,EUR,,,"Flightcase DVA4
16U
Approximately 54 x 64 x 88cm external dimensions.",https://cuesale.com/wp-content/uploads/2026/09/flightcase-dva4-1.jpg,1,https://cuesale.com/wp-content/uploads/2026/09/flightcase-dva4-2.jpg,2,,3,,4,,5,,6,,7
cuesale.com,https://cuesale.com/product/flightcase-cameo/,Flightcases,Flightcase Cameo,2,115.00,POA,EUR,,,"Flightcase Cameo
Approximately 93 x 38 x 73 external dimensions.
Previously housed Cameo CLH 60W RGB fixtures.",https://cuesale.com/wp-content/uploads/2026/09/flightcase-cameo-1.jpg,1,https://cuesale.com/wp-content/uploads/2026/09/flightcase-cameo-2.jpg,2,,3,,4,,5,,6,,7
cuesale.com,https://cuesale.com/product/flightcase-bbb612/,Flightcases,Flightcase BBB612,1,125.00,POA,EUR,,,"Flightcase BBB612
Aproximately 94 x 60 x 38cm external dimensions.
Approximately 89 x 55 x 18cm internal dimensions.",https://cuesale.com/wp-content/uploads/2026/09/flightcase-BBB612-2.jpg,1,https://cuesale.com/wp-content/uploads/2026/09/flightcase-BBB612-1.jpg,2,https://cuesale.com/wp-content/uploads/2026/09/flightcase-BBB612-3.jpg,3,,4,,5,,6,,7
cuesale.com,https://cuesale.com/product/flightcase-20u-2/,Flightcases,Flightcase 20U,1,245.00,POA,EUR,,,"Flightcase 20U
20U
Approximately 55 x 61 x 109cm external dimensions.",https://cuesale.com/wp-content/uploads/2026/09/flightcase-20U-1.jpg,1,https://cuesale.com/wp-content/uploads/2026/09/flightcase-20U-2.jpg,2,,3,,4,,5,,6,,7
cuesale.com,https://cuesale.com/product/flightcase-2sp/,Flightcases,Flightcase 2SP,1,195.00,POA,EUR,,,"Flightcase 2SP
Approximately 102 x 51 x 92cm external dimensions.
Approximately 46 x 45 x 71cm internal dimensions (2x).",https://cuesale.com/wp-content/uploads/2026/09/flightcase-2SP-2.jpg,1,https://cuesale.com/wp-content/uploads/2026/09/flightcase-2SP-1.jpg,2,,3,,4,,5,,6,,7
cuesale.com,https://cuesale.com/product/carry-case-incl-keys/,Flightcases,Carry Case Incl Keys,1,35.00,POA,EUR,,,"Carry Case Incl Keys
Approximately 64 x 49 x 16cm external dimensions.
Approximately 59 x 44 x 11cm internal dimensions (without wood spacers).",https://cuesale.com/wp-content/uploads/2026/09/carry-case-with-keys-1.jpg,1,https://cuesale.com/wp-content/uploads/2026/09/carry-case-with-keys-2.jpg,2,,3,,4,,5,,6,,7
cuesale.com,https://cuesale.com/product/socapex-19p-6x-powercon-32a-6m/,Power distribution,Socapex 19p – 6x Powercon 32A 6m,5,85.00,POA,EUR,,,Socapex 19p – 6x Powercon 32A 6m,https://cuesale.com/wp-content/uploads/2026/08/Socapex-19p-6x-NAC3FC-HC-6m-5st-1.jpg,1,,2,,3,,4,,5,,6,,7
cuesale.com,https://cuesale.com/product/omnitronic-em-650-entertainment-mixer/,Analogue Mixing Consoles,Omnitronic EM-650 Entertainment Mixer,1,135.00,POA,EUR,,,"Omnitronic EM-650 Entertainment Mixer
Includes psu, not pictured.
The modern entertainment industry, especially hotels, bars or theme parks, requires very high standards in quality and features for sound devices. The OMNITRONIC EM-series is especially designed for this industry and offers the highest flexibility and quality in very small mixer casings. The EM-series offers a variety of connection possibilities and also convinces by an ergonomic design and easy use. The special housing design and the state-of-the-art construction are further reasons which make the EM-series the first choice for installers. Multifunctional 5+2-channel mixer with 3 zones, silver
Features : 
3 zones with routing facility of all input channels as desired
5 input channels with recessed gain controls on the rear panel, signal LED and super smooth dual-rail channel faders
2 microphone channels with level control, LED level meter, 3-way equalizer and talkover button
Talkover level and response time adjustable
Pre-fader listening (CUE) to the stereo input channels via adjustable headphone output
Color illuminated rotary controls and rubber buttons
Zone outputs with level control, 3-way equalizer and 10-digit stereo LED level meter
2 record outputs (independent of the master channels) with routing facility of all zone outputs as desired
Inputs: 8 x line (stereo RCA), 2 x line/phono (stereo RCA), switchable; 2 x microphone (XLR/6.3 mm jack) and headphones (6.3 mm jack)
Outputs: 3 x master (optionally 3-pin XLR or stereo RCA) and 2 x record (stereo RCA)
Operation via supplied power unit
Rack installation, 2 U
Ideal for restaurants, bars, theme parks, hotels and all applications where microphones need to be mixed with music (e.g. karaoke)
(19″) 48.3 cm rack installation 2 U",https://cuesale.com/wp-content/uploads/2026/08/omnitronic-em-650-1.jpg,1,https://cuesale.com/wp-content/uploads/2026/08/omnitronic-em-650-2.jpg,2,,3,,4,,5,,6,,7
cuesale.com,https://cuesale.com/product/meatrack-4-2/,Flightcases,Meatrack 4,1,185.00,POA,EUR,,,"Meatrack 4
Approximately 166 x 61 x 154 cm external dimensions.
Vertical spacing approximately 53cm.",https://cuesale.com/wp-content/uploads/2026/08/meatrack-4-1.jpg,1,,2,,3,,4,,5,,6,,7
cuesale.com,https://cuesale.com/product/flightcase-zhlu-2/,Flightcases,Flightcase ZHLU,1,95.00,POA,EUR,,,"Flightcase ZHLU
Approximately 55 x 47 x 65 cm external dimensions.
8U / 10U internal rack space.",https://cuesale.com/wp-content/uploads/2026/08/Flightcase-ZHLU-1.jpg,1,https://cuesale.com/wp-content/uploads/2026/08/Flightcase-ZHLU-2.jpg,2,https://cuesale.com/wp-content/uploads/2026/08/Flightcase-ZHLU-3.jpg,3,,4,,5,,6,,7
cuesale.com,https://cuesale.com/product/flightcase-p2-2/,Flightcases,Flightcase P2,1,215.00,POA,EUR,,,"Flightcase P2
Approximately 185 x 60 x 64 cm external dimensions.
Approximately 181 x 56 x 45 cm internal dimensions.",https://cuesale.com/wp-content/uploads/2026/08/flightcase-p2-1.jpg,1,https://cuesale.com/wp-content/uploads/2026/08/flightcase-p2-2.jpg,2,,3,,4,,5,,6,,7
cuesale.com,https://cuesale.com/product/adam-hall-19-schuko-power-strip/,Power distribution,Adam Hall 19″ Schuko Power Strip,1,15.00,POA,EUR,,,"Adam Hall 19″ Schuko Power Strip
Item# : 87471",https://cuesale.com/wp-content/uploads/2026/08/adam-hall-8x-schuko-19-1.jpg,1,https://cuesale.com/wp-content/uploads/2026/08/adam-hall-8x-schuko-19-2.jpg,2,,3,,4,,5,,6,,7
cuesale.com,https://cuesale.com/product/rcf-tts56-a-subwoofer/,Sub Cabinet (Active),RCF TTS56-A Subwoofer,12,4995.00,POA,EUR,RCF,,"RCF TTS56-A Subwoofer
Dolly included when buying 3. Pictures for indication only.
The TTS56-A is a high power, high output active subwoofer system that sets a new standard in the touring sound reinforcement. The new 21″ neodymium design represents the result of many years dedicated in pioneering new solutions for the transducers technology. The integration of the 6800 W, two channel digital amplification and the advanced digital processing set a new standard for distortion, noise and thermal efficiency.
Features :
2 x 3400 W digital amplifiers
2 x 21″ high power neodymium woofers
96 kHz, 32 bit DSP processing
Remote monitoring and control
Time delay alignment
Cardioid preset for groups
Tour grade cabinet
RDNet on board
Maximum output per size on market",https://cuesale.com/wp-content/uploads/2026/08/RCF-TTS56A-5.jpg,1,https://cuesale.com/wp-content/uploads/2026/08/RCF-TTS56A-6.jpg,2,https://cuesale.com/wp-content/uploads/2026/08/RCF-TTS56A-4.jpg,3,https://cuesale.com/wp-content/uploads/2026/08/RCF-TTS56A-2.jpg,4,https://cuesale.com/wp-content/uploads/2026/08/RCF-TTS56A-1.jpg,5,https://cuesale.com/wp-content/uploads/2026/08/RCF-TTS56A-3.jpg,6,,7
cuesale.com,https://cuesale.com/product/nexo-ps10utd-v2-controller/,Audio Processors,Nexo PS10UTD V2 Controller,3,225.00,POA,EUR,Nexo Audio,,"Nexo PS10UTD V2 Controller
The PS10 TD Controller incorporates the advanced protection features found in all NEXO TD Controllers.
Specifications : 
Type : PS10UTD-V2 Analogue TD Controller
System : NEXO PS10 + LS500
Rack format : 1U, 19-inch
Inputs : 2 × balanced XLR
Outputs : 3 × balanced XLR
Outputs : L, R, summed L+R Sub
Amplifier sensing : 3 × amplifier sense inputs
Input impedance : 50 kΩ
Output impedance : 50 Ω
Maximum input : +28 dBu
Maximum output : +20 dBu
Noise : −88 dBu, 22 Hz–22 kHz, unweighted
THD+N : <0.03% typical, 0.05% max @ +18 dBu
Amplifier gain selection : 26 / 32 / 38 dB
Sub control : Sub ON + Sub Gain
Protection : Dynamic / VCEQ, voice-coil temperature, diaphragm displacement
Power : 110/220 V internally selectable, 50/60 Hz
Earth lift : Rear panel
Depth : 190 mm / 7.5″
Weight : ~2.9 kg / 6.6 lb",https://cuesale.com/wp-content/uploads/2026/08/nexo-ps10utd-v2-1.jpg,1,https://cuesale.com/wp-content/uploads/2026/08/nexo-ps10utd-v2-2.jpg,2,,3,,4,,5,,6,,7
cuesale.com,https://cuesale.com/product/rcf-ttl55-a-line-array-speaker/,Line Arrays,RCF TTL55-A Line Array Speaker,4,POA,POA,EUR,RCF,,"RCF TTL55-A Line Array Speaker
Select variation :
Single unit
Set of 4 including dolly
The TTL55-A is a high power, three way, active line array module engineered to deliver an incredible output for use in indoor or outdoor large spaces. The system is designed to be easily scalable from few modules for medium and small theatres to full size arrays for very large outdoor stadia and public spaces. The three new designs for the six neodymium transducers that power the system represent the result of many years dedicated in pioneering new solutions using the best materials available on the market. The integration of the 3500 W four channel digital amplification and the advanced digital processing set a new standard for distortion, noise and thermal efficiency.
Features :
Tour grade cabinet and mechanics
3500 Watt, 4 way amplification
6 x high power neodymium transducers
High quality analog input board
96 kHz, 32 bit DSP processing
Remote monitoring and control
Maximum output per size on the market
RDNet on board",https://cuesale.com/wp-content/uploads/2026/08/RCF-TTL55A-2.jpg,1,https://cuesale.com/wp-content/uploads/2026/08/RCF-TTL55A-1.jpg,2,https://cuesale.com/wp-content/uploads/2026/08/RCF-TTL55A-3.jpg,3,,4,,5,,6,,7
cuesale.com,https://cuesale.com/product/nexo-ps10-loudspeaker-sets/,Top Cabinet (Passive),Nexo PS10 Loudspeaker Sets,2,995.00,POA,EUR,Nexo Audio,,"Nexo PS10 Loudspeaker Sets
Sold as sets of 2. Various sets available, please select.
Controller available here.
A high power system capable of producing 132 dB Peak SPL, the new PS10 Loudspeaker can be safely driven with up to 1250 Watts of amplifier power. Controlled by the new DTD Controller, the PS10 achieves high SPLs and wide bandwidth performance, despite being only half the weight and volume of common trapezoidal loudspeaker systems.
Components :
1 x 10” (25cm) Neodymium 8Ω driver
HF 1 x 1” throat driver + Low Distortion Constant Directivity
Asymmetrical Dispersion Horn
Height x Width x Depth : 515mm x 316mm x 277 mm (20.28” x 12.44” x 10.91”)
Weight : 14 kg (31 lbs)
Connectors : 2 x NL4MP Speakon 4 pole
Construction : Baltic Birch Ply finished with textured black coating
Fittings : Metal recessed pockets
Front finish : Moulded dark grey metal grill
Flying Points : One plate connecting with external accessories
Stand fittings : Built in Steel Stand Fitting, (35mm 1 3/8”)",https://cuesale.com/wp-content/uploads/2026/08/nexo-ps10-5.jpg,1,https://cuesale.com/wp-content/uploads/2026/08/nexo-ps10-1.jpg,2,https://cuesale.com/wp-content/uploads/2026/08/nexo-ps10-2.jpg,3,https://cuesale.com/wp-content/uploads/2026/08/nexo-ps10-3.jpg,4,,5,,6,,7
cuesale.com,https://cuesale.com/product/nexo-ls500-passive-subwoofer/,Sub Cabinet (Passive),Nexo LS600 Passive Subwoofer,2,395.00,POA,EUR,Nexo Audio,,"Nexo LS600 Passive Subwoofer (non original)
* Units have been refurbished, now hold Faital Pro 15FX560 speakers. Sold as set of 2.
A high power system capable of producing 138 dB Peak SPL, the new LS600 Sub-Bass extends the usable range of the PS10-R2 Loudspeaker to 38Hz, providing exceptional performance and high power output in an extremely compact, light weight package. Two LS600s are typically used with two PS10-R2 loudspeakers, additional units may be used for an enhanced effect. PS10-R2 and LS600 presets presets in the DTD Controller ensure cost-effective and simple system implementation while the NXAMP powered controller offers full network connectivity and the facility to combine PS10-R2/LS600 configurations with any other Nexo cabinets.
Key Features
High-power system (138dB Peak SPL @ 1m) with 15in VLF long excursion driver
VLF extension (to 38Hz) of PS10-R2 loudspeakers
Sophisticated control electronics ensure reliable, linear operation
Integral pole mount that supports one or two PS10-R2 loudspeakers",https://cuesale.com/wp-content/uploads/2026/08/nexo-ls500-2.jpg,1,https://cuesale.com/wp-content/uploads/2026/08/nexo-ls500-1.jpg,2,https://cuesale.com/wp-content/uploads/2026/08/nexo-ls500-3.jpg,3,,4,,5,,6,,7
cuesale.com,https://cuesale.com/product/power-mushroom-cee63/,Power distribution,Power Mushroom CEE63,1,345.00,POA,EUR,,,"Power Mushroom CEE63
In/through : CEE63
Out :
3x CEE32
6x Schuko",https://cuesale.com/wp-content/uploads/2026/08/power-mushroom-1.jpg,1,https://cuesale.com/wp-content/uploads/2026/08/power-mushroom-2.jpg,2,,3,,4,,5,,6,,7
cuesale.com,https://cuesale.com/product/health-check-station-fw/,Cross-Functional AV Gear,Health Check Station FW,1,675.00,POA,EUR,,,"Health Check Station FW
Portable health check station.
Quickly checks for :
Temperature
Mask compliance
Dispenses disinfectant",https://cuesale.com/wp-content/uploads/2026/08/health-check-station-4.jpg,1,https://cuesale.com/wp-content/uploads/2026/08/health-check-station-5.jpg,2,https://cuesale.com/wp-content/uploads/2026/08/health-check-station-3.jpg,3,https://cuesale.com/wp-content/uploads/2026/08/health-check-station-1.jpg,4,https://cuesale.com/wp-content/uploads/2026/08/health-check-station-2.jpg,5,,6,,7
cuesale.com,https://cuesale.com/product/flightcase-32a/,Flightcases,Flightcase 32A,1,145.00,POA,EUR,,,"Flightcase 32A
6U, front and rear mounting bars.
Approximately  55 x 73 x 32cm external dimensions.",https://cuesale.com/wp-content/uploads/2026/08/flightcase-32A-1.jpg,1,https://cuesale.com/wp-content/uploads/2026/08/flightcase-32A-2.jpg,2,,3,,4,,5,,6,,7
cuesale.com,https://cuesale.com/product/flightcase-b3u-d/,Flightcases,Flightcase B3U-D,1,65.00,POA,EUR,,,"Flightcase B3U-D
3U
Approximately 54 x 66 x 22cm external dimensions.
Case has some minor damage on the right side.",https://cuesale.com/wp-content/uploads/2026/08/flightcase-b3u-d-1.jpg,1,https://cuesale.com/wp-content/uploads/2026/08/flightcase-b3u-d-2.jpg,2,https://cuesale.com/wp-content/uploads/2026/08/flightcase-b3u-d-3.jpg,3,,4,,5,,6,,7
cuesale.com,https://cuesale.com/product/chain-hoist-breakout-box/,Power distribution,Chain Hoist Breakout Box,4,75.00,POA,EUR,,,"Chain Hoist Breakout Box
Harting – 4x CEE",https://cuesale.com/wp-content/uploads/2026/08/hoist-breakout-box-harting-4x-cee-1.jpg,1,,2,,3,,4,,5,,6,,7
cuesale.com,https://cuesale.com/product/chain-hoist-cable-5p/,Power Cables,Chain Hoist Cable 5p,7,POA,POA,EUR,,,"Chain Hoist Cable 5p
Various lengths available, please select.",https://cuesale.com/wp-content/uploads/2026/08/hoist-cable-5p-1.jpg,1,,2,,3,,4,,5,,6,,7
cuesale.com,https://cuesale.com/product/eller-elphe1-500kg-hand-hoist/,Rigging Accessories,Eller PHE1 500kg Hand Hoist,2,125.00,POA,EUR,,,"Eller PHE1 500kg Hand Hoist
10m chain length",https://cuesale.com/wp-content/uploads/2026/08/eller-elphe1-manual-hoist-500kg-10m-1.jpg,1,,2,,3,,4,,5,,6,,7
cuesale.com,https://cuesale.com/product/universal-drop-arm-60cm/,Rigging Accessories,Universal Drop Arm 60cm,2,155.00,POA,EUR,,,"Universal Drop Arm 60cm
Several models available, varying in length, please select.
All models are 60cm wide.
All models can be mounted flush with the C-hook or at 90 degree angle.",https://cuesale.com/wp-content/uploads/2026/08/drop-arm-large-1.jpg,1,https://cuesale.com/wp-content/uploads/2026/08/drop-arm-large-2.jpg,2,,3,,4,,5,,6,,7
cuesale.com,https://cuesale.com/product/clamp-with-swivel-drop/,Rigging Accessories,Clamp with swivel drop,5,25.00,POA,EUR,,,"Clamp with swivel drop
500kg WLL",https://cuesale.com/wp-content/uploads/2026/08/clamp-with-swivel-drop-1.jpg,1,,2,,3,,4,,5,,6,,7
cuesale.com,https://cuesale.com/product/ld-systems-ldva4-set/,Line Arrays,LD Systems LDVA4 Set,1,4995.00,POA,EUR,LD Systems,,"LD Systems LDVA4 Set
Set consists of :
2x Flightcase
12x LD Systems LDVA4 Line Array Speaker
2x Rigging sets (see pictures)
Specifications : 
Product Type: line array speaker
Type: passive
Version: 2 x 4″, 1 x 1″, 2-way
Woofer Size: 2 x 4″
Woofer Size: 2 x 101.6 mm
Speaker Membrane Woofer: Kevlar
Woofer Magnet: neodymium
Woofer Brand: custom made
Woofer Voice Coil: 1″
Woofer Voice Coil: 25.4 mm
HF Driver Size: 1″
HF Driver Size: 25.4 mm
HF Driver Magnet: neodymium
HF Driver Brand: custom made
HF Driver Voice Coil: 1.35″
HF Driver Voice Coil: 34.3 mm
HF Driver Voice Horn: Waveguide
Dispersion Angle (H x V): 120° x 10°
Rated Load Bass (RMS): 200 W
Rated Load HF Driver (RMS): 75 W
Frequency response (Hz): 80–19,000 Hz
Lowest Crossover Frequency: 2100 Hz
SPL (1 W / 1 m): 90 dB
Max SPL: 113 dB
Impedance Bass: 16 ohms
Impedance HF Driver: 16 ohms
Loudspeaker Protection: HF Driver
Speaker Input: Neutrik Speakon, 4-pin
Speaker Output: Neutrik Speakon, 4-pin
Tilting Angle: 0° / 2.5° / 5° / 7.5°
Cabinet Material: 15 mm birch plywood
Cabinet Surface: Dura Coat LX textured paint
Cabinet Type: bass reflex
Dimensions (W x H x D): 480 x 139 x 261 mm
Weight: 9.6 kg",https://cuesale.com/wp-content/uploads/2026/08/LD-Systems-LDVA4-Set-7.jpg,1,https://cuesale.com/wp-content/uploads/2026/08/LD-Systems-LDVA4-Set-3.jpg,2,https://cuesale.com/wp-content/uploads/2026/08/LD-Systems-LDVA4-Set-4.jpg,3,https://cuesale.com/wp-content/uploads/2026/08/LD-Systems-LDVA4-Set-5.jpg,4,https://cuesale.com/wp-content/uploads/2026/08/LD-Systems-LDVA4-Set-2.jpg,5,https://cuesale.com/wp-content/uploads/2026/08/LD-Systems-LDVA4-Set-6.jpg,6,https://cuesale.com/wp-content/uploads/2026/08/LD-Systems-LDVA4-Set-1.jpg,7
cuesale.com,https://cuesale.com/product/stairville-d610h-mkii-dimmer-pack/,Dimmers,Stairville D610H mkII Dimmer Pack,2,95.00,POA,EUR,,,"Stairville D610H mkII Dimmer Pack
6 dimmer channels
Digital control system
Control via DMX 512
Preheat, dimmer curve and maximum voltage can be adjusted individually
Indicators for temperature and operation
Test function
Intelligent cooling control, large cooling ribs
Single channel fuse (10 A)
Made in Europe
D610H MKII :
Outputs: 2 × industrial multi-pin connector, 16 pins
Voltage supply via CEE plug (32 A)",https://cuesale.com/wp-content/uploads/2026/08/stairville-d610h-mkII-1.jpg,1,https://cuesale.com/wp-content/uploads/2026/08/stairville-d610h-mkII-2.jpg,2,,3,,4,,5,,6,,7
cuesale.com,https://cuesale.com/product/lodestar-cm-l-0-5-ton-chain-hoist/,Rigging Accessories,Lodestar CM-L 0.5 Ton Chain Hoist,12,695.00,POA,EUR,,,"Lodestar CM-L 0.5 Ton Chain Hoist
Next check required December 2026.
Sold in pairs of 2 including flightcase. 
The CM Lodestar Classic Style electric chain hoist is a living legend in the entertainment industry. The Lodestar has lead the competition for more than 3 decades, and is Mountain Productions’ lifting power workhorse onsite. CM’s iconic hoist design offers best-in-class performance, unmatched safety and consistent reliability. Ideal for touring concerts and productions both indoors and out, the Lodestar is universally trusted by rigging professionals around the world.
The Lodestar Electric Chain Hoist is a highly versatile materials handling device that can be used to lift loads that are within its rated capacity. The mechanical features of these hoists include an alloy liftwheel, Load Protector, hardened steel chain guides, hardened steel load chain, hardened steel gear train, life-time lubrication, forged steel hooks, and lightweight aluminum frame.
3-phase connector
24m chain
flightcase",https://cuesale.com/wp-content/uploads/2026/08/lodestar-0.5t-1226-2.jpg,1,https://cuesale.com/wp-content/uploads/2026/08/lodestar-0.5t-1226-3.jpg,2,https://cuesale.com/wp-content/uploads/2026/08/lodestar-0.5t-1226-1.jpg,3,,4,,5,,6,,7
cuesale.com,https://cuesale.com/product/eurotruss-doughty-clamp/,Euro Truss,Eurotruss / Doughty Clamp,4,POA,POA,EUR,"Doughty, Eurotruss",,"Eurotruss / Doughty Clamp
3 types available, please select.
All clamps are rated at WLL 750kg.",https://cuesale.com/wp-content/uploads/2026/08/eurotruss-doughty-stick-1.jpg,1,,2,,3,,4,,5,,6,,7
cuesale.com,https://cuesale.com/product/generic-powercon-breakout-box/,Power distribution,Generic Powercon Breakout Box,7,17.00,POA,EUR,,,Generic Powercon Breakout Box,https://cuesale.com/wp-content/uploads/2026/08/breakout-box-powercon-1.jpg,1,https://cuesale.com/wp-content/uploads/2026/08/breakout-box-powercon-2.jpg,2,,3,,4,,5,,6,,7
cuesale.com,https://cuesale.com/product/pse-sm-700-amplifier/,Amplifiers,PSE SM-700 Amplifier,2,135.00,POA,EUR,,,"PSE SM-700 Amplifier
2x 350 Watt @ 4 Ohm
2x 210 Watt @ 8 Ohm",https://cuesale.com/wp-content/uploads/2026/08/PSE-SM700-1-scaled.jpg,1,https://cuesale.com/wp-content/uploads/2026/08/PSE-SM700-2-scaled.jpg,2,,3,,4,,5,,6,,7
cuesale.com,https://cuesale.com/product/pioneer-xdj-r1-dj-system/,DJ Equipment,Pioneer XDJ-R1 DJ System,1,345.00,POA,EUR,Pioneer,,"Pioneer XDJ-R1 DJ System
The XDJ-R1 is the all-in-one dream: the union of CD/USB decks, DJ software control, a top-flight mixer, powerful performance features and intuitive remote control via iPad, iPhone and iPod touch using our remotebox app.
Analyse your tracks in the included rekordbox™ software and load via USB to access a host of exciting features including Beat Sync and Quantized Beat FX.",https://cuesale.com/wp-content/uploads/2026/08/pioneer-xdj-r1-1-scaled.jpg,1,https://cuesale.com/wp-content/uploads/2026/08/pioneer-xdj-r1-2-scaled.jpg,2,https://cuesale.com/wp-content/uploads/2026/08/pioneer-xdj-r1-3-scaled.jpg,3,https://cuesale.com/wp-content/uploads/2026/08/pioneer-xdj-r1-4-scaled.jpg,4,,5,,6,,7
cuesale.com,https://cuesale.com/product/kme-djmixer1-analogue-mixer/,Analogue Mixing Consoles,KME DJMixer1 Analogue Mixer,1,95.00,POA,EUR,,,"KME DJMixer1 Analogue Mixer
5-channel analogue rack-mountable mixer.",https://cuesale.com/wp-content/uploads/2026/08/kme-sound-djmixer1-1-scaled.jpg,1,https://cuesale.com/wp-content/uploads/2026/08/kme-sound-djmixer1-2-scaled.jpg,2,,3,,4,,5,,6,,7
cuesale.com,https://cuesale.com/product/jb-lighting-licon-cx/,Consoles (desk),JB-Lighting Licon CX,1,445.00,POA,EUR,,,"JB-Lighting Licon CX
Expanding their successful range of lighting control consols JB-lighting created the new hybrid console Licon CX. The Licon CX can operate 16 moving-lights and 48 par-channels. The software is based on the most successful Licon 1, although it was modified to fit to new features, such as a touchscreen or data backup on USB-memory stick.
Features : 
512 DMX-channels for moving-heads and dimmers
16 Moving-Lights
max. 25 channels each 48 PAR channels
16 keys for direct access to moving-lights/PARs
graphical LCD display
Pan/Tilt control by encoders or trackball (optional)
Pan/Tilt channels 8 or 16bit
direct access to mx. 136 cues and 64 chases
4 slider for PAR-cues/chases
3 masterfader
32 chases can run at the same time
Effect generator for fast programming of chases
preprogrammed moving patterns
Remote controllable by MIDI software
updates by PC
backup on USB-Memory Stick",https://cuesale.com/wp-content/uploads/2026/08/jb-lighting-licon-cx-2-scaled.jpg,1,https://cuesale.com/wp-content/uploads/2026/08/jb-lighting-licon-cx-3-scaled.jpg,2,https://cuesale.com/wp-content/uploads/2026/08/jb-lighting-licon-cx-1-scaled.jpg,3,,4,,5,,6,,7
cuesale.com,https://cuesale.com/product/hq-150-floodlight/,Floodlight,HQ-150 Floodlight,100,10.00,POA,EUR,,,"HQ-150 Floodlight
Features : 
Symmetric floodlight
150W max
Socket : Rx7S
High output
Great effects
HQ/HQI lamp
Die-cast aluminum housing
Easy to maintain",https://cuesale.com/wp-content/uploads/2026/08/hq-150-floodlight-meerdere-merken-zeik-niet-1-scaled.jpg,1,https://cuesale.com/wp-content/uploads/2026/08/hq-150-floodlight-meerdere-merken-zeik-niet-2-scaled.jpg,2,,3,,4,,5,,6,,7
cuesale.com,https://cuesale.com/product/hes-hog-usb-midi-ltc-widget/,Others,HES Hog USB MIDI/LTC Widget,1,365.00,POA,EUR,High-End Systems,,"HES Hog USB MIDI/LTC Widget
Packaged in a sleek, black metal package, the Wholehog MIDI/LTC Widget provides a single Linear Timecode input and MIDI in/out/thru for any Hog 4 OS consoles and any Hog 4 PC. When used in conjunction with Hog 4, Full Boar 4, Road Hog 4, the LTC Widget provides a powerful level of timecode functionality.
You are now able to connect up to 8 MIDI/LTC widgets to your console or DMX Processor 8000, allowing for multiple timecode sources to be brought into the console. By adding more DMX Processor 8000’s you will be able to expand this further. This configuration provides an excellent solution for backup and timecoded playback-only applications. In addition, the MIDI in/out/thru allow direct connection of MIDI for show control and backup purposes.
Single Linear Timecode input on 3 pin XLR connector
MIDI Input, Output, and Thru supports MIDI, MIDI Show Control and MIDI Time Code
Rugged, sleek metal package that can be stacked
Status LEDs for power and data in/out
One USB input connector",https://cuesale.com/wp-content/uploads/2026/08/hes-hog-midi-tc-1-scaled.jpg,1,https://cuesale.com/wp-content/uploads/2026/08/hes-hog-midi-tc-2-scaled.jpg,2,,3,,4,,5,,6,,7
cuesale.com,https://cuesale.com/product/fantek-t-117-frontal-load-tower/,Cross-Functional AV Gear,Fantek T-117 Frontal Load Tower,1,995.00,POA,EUR,,,"Fantek T-117 Frontal Load Tower
Select available tower : 2 units lack the castors halfway up the tower.
Maximum Height : 6m10 / 20.01ft
Folded Height : 1m90 / 6.23ft
Maximum Load : 250kg / 551.16lbs
Minimum Load : 25kg / 55.12lbs
Unfolded Base : 1m84 x 1m73 / 6.04ft x 5.68ft
Folded Base : 0m48 x 0m48 / 1.57ft x 1.57ft",https://cuesale.com/wp-content/uploads/2026/08/fantek-t-117-1-scaled.jpg,1,,2,,3,,4,,5,,6,,7
cuesale.com,https://cuesale.com/product/botex-dmd-12jr-12-channel-analogue-dmx-dimmer-pack/,Dimmers,Botex DMD-12jr 12-Channel Analogue/DMX dimmer pack,1,125.00,POA,EUR,,,"Botex DMD-12jr 12-Channel Analogue/DMX dimmer pack
10A per channel, DMX controlled dimmer pack with Harting outputs.",https://cuesale.com/wp-content/uploads/2026/08/botex-dmd-12jr-1-scaled.jpg,1,https://cuesale.com/wp-content/uploads/2026/08/botex-dmd-12jr-2-scaled.jpg,2,,3,,4,,5,,6,,7
cuesale.com,https://cuesale.com/product/allen-heath-qu32-compact-38in-28out-digital-mixer/,Digital Mixing Consoles,Allen & Heath QU32 Compact 38in / 28out Digital Mixer,1,1095.00,POA,EUR,Allen & Heath,,"Allen & Heath QU32 Compact 38in / 28out Digital Mixer
Massive processing power and advanced functionality counts for nothing if you can’t access the controls you need in a heartbeat.
Qu-32 has a fader per mono input channel and fewer fader layers for simpler, quicker workflow. Because every mic input is presented on its own fader for fast, easy control, this makes Qu-32 the perfect mixer for first-time converts from analogue to digital and those not comfortable working with several layers of faders.
The True Colour Touchscreen and its dedicated rotary encoder form the heart of Qu-32’s interface, providing super-fast access to all settings and parameters. Dedicated keys and screen tabs quickly guide you to meter and RTA views, FX racks, channel processing, USB audio control, scenes, setup menus and much more.
Complementing the touchscreen is the SuperStrip – a set of single-function physical controls for instant access to gain, HPF, 4 band PEQ, gate, compressor, GEQ and pan.",https://cuesale.com/wp-content/uploads/2026/08/allen-heath-qu32-2-scaled.jpg,1,https://cuesale.com/wp-content/uploads/2026/08/allen-heath-qu32-3-scaled.jpg,2,https://cuesale.com/wp-content/uploads/2026/08/allen-heath-qu32-1-scaled.jpg,3,,4,,5,,6,,7
cuesale.com,https://cuesale.com/product/8-channel-hoist-controller/,Cross-Functional AV Gear,8 Channel Hoist Controller,2,595.00,POA,EUR,,,"8 Channel Hoist Controller
CEE16 and Harting connections provided.",https://cuesale.com/wp-content/uploads/2026/08/8-channel-hoist-motor-controller-2-scaled.jpg,1,https://cuesale.com/wp-content/uploads/2026/08/8-channel-hoist-motor-controller-3-scaled.jpg,2,https://cuesale.com/wp-content/uploads/2026/08/8-channel-hoist-motor-controller-1.jpg,3,,4,,5,,6,,7
cuesale.com,https://cuesale.com/product/shure-rpw204-nexadyne-8-s-cartridge-supercardioid/,Microphones,Shure RPW204 Nexadyne 8/S Cartridge Supercardioid,1,225.00,POA,EUR,Shure,,"Shure RPW204 Nexadyne 8/S Cartridge Supercardioid
Nexadyne™ 8/S Supercardioid Dynamic Wireless Capsule with black finish for use with Shure Handheld Transmitters.",https://cuesale.com/wp-content/uploads/2026/08/shure-nx8-head-1.jpg,1,,2,,3,,4,,5,,6,,7
cuesale.com,https://cuesale.com/product/meyer-sound-galileo-galaxy-816-audio-processor/,Other Lighting Products,Meyer Sound Galileo Galaxy 816 Audio Processor,1,7775.00,POA,EUR,Meyer Sound,,"Meyer Sound Galileo Galaxy 816 Audio Processor
Galileo GALAXY harnesses open-source AVB technology to extend a new level of audio control in driving and aligning loudspeaker systems with multiple zones. It provides a powerful toolset for corrective equalization and creative fine-tuning, in a full range of applications from touring to cinema.
Building on Galileo’s meticulously engineered algorithms, GALAXY retains users’ favorite processing tools, including the patented five-band U-Shaping and parametric EQ, while adding a new crosspoint delay matrix feature and improved delay integration. Three versions are available for different configuration needs.
A new generation of FPGA-based processing with up to 64-bit resolution delivers increased dynamic range, a lower noise floor, and super-low latency of 0.6ms analog in to analog out.
GALAXY network platform has been certified as fully compliant with the new, AVB-based, Milan deterministic network protocol. Milan certification, provided through Avnu Alliance, ensures that GALAXY processors will offer seamless interoperability with all other Milan-certified devices in the signal chain, regardless of function or manufacturer. GALAXY is among the first products to receive Milan certification.",https://cuesale.com/wp-content/uploads/2026/07/meyer-sound-galileo-galaxy816-1.jpg,1,https://cuesale.com/wp-content/uploads/2026/07/meyer-sound-galileo-galaxy816-2.jpg,2,,3,,4,,5,,6,,7
cuesale.com,https://cuesale.com/product/milos-m290qtf-truss/,Milos Truss,Milos M290QTF Truss,11,POA,POA,EUR,,,"Milos M290QTF Truss
The M290 system is the mid-sized stage truss line that can be used for both small and large applications.
Key benefits :
Certified 50mm tube M290 Series modular truss range
Great free-span & loading characteristics (upto 20m / 65.61 ft)
Interior & exterior applications
Durable construction with diagonal anti-twist end brace
Cell clamp 200 / 400 / 500 / 600 series compatible
Fast connection for quick, simple and secure assembly
Xtruss accessories compatible",https://cuesale.com/wp-content/uploads/2026/07/milos-truss-m290qtf-2m-1.jpg,1,,2,,3,,4,,5,,6,,7
cuesale.com,https://cuesale.com/product/epson-elplu04-short-throw-2-zoom-lens/,Projector Lenses,Epson ELPLU04 Short Throw #2 Zoom Lens,2,1695.00,POA,EUR,,,"Epson ELPLU04 Short Throw #2 Zoom Lens
Ideal for projecting large, high-quality images in narrow spaces, this interchangeable zoom lens supports screen sizes up to 1000″
Features : 
Interchangeable lens — for Pro Series projectors up to 20,000 lumens
Convenient short-throw design — ideal for projecting a large image in narrow spaces
Wide lens shift — for added flexibility
High-quality design — up to 1000″ screen size support; 2.0 to 2.1 F-number; 14.8 mm to 17.7 mm focal length
Zoom ratio — 1 to 1.2
Weight — 6.8 lbs (3100 g)
Up to 8,500-lumen projectors — WUXGA/WXGA 0.87 to 1.05 throw ratio; lens shift—vertical: -67 percent to +67 percent, horizontal: -30 percent to +30 percent
9,000- to 20,000-lumen projectors — WUXGA 0.64 to 0.77 throw ratio; lens shift—vertical: -60 percent to +60 percent horizontal: -18 percent to +18 percent",https://cuesale.com/wp-content/uploads/2026/07/Epson-ELPLU04-2.jpg,1,https://cuesale.com/wp-content/uploads/2026/07/Epson-ELPLU04-3.jpg,2,https://cuesale.com/wp-content/uploads/2026/07/Epson-ELPLU04-1.jpg,3,,4,,5,,6,,7
cuesale.com,https://cuesale.com/product/epson-elplx02-ultra-short-throw-lens/,Projector Lenses,Epson ELPLX02 Ultra Short-throw Lens,2,POA,POA,EUR,,,"Epson ELPLX02 Ultra Short-throw Lens
Project supersized images using the ELPLX02 ultra short-throw lens with select Epson Pro L Series projectors1, 9,000 lumens or higher. Featuring a 0.35 throw ratio and zero offset, this versatile lens is the ideal solution for installation in narrow spaces and rear-projection applications. Plus, its wide lens shift range offers even more flexibility when needed.
Features : 
Ideal in space-constrained applications — ultra short-throw lens delivers large-size images from a short distance
Installation flexibility — 0.35 throw ratio, plus zero offset (negative offset with Pro L1000 Series projectors)
Versatile — ideal solution for installation in narrow spaces, on low ceilings and in rear-projection applications
Positioning flexibility — wide lens shift range
Bright, larger-than-life images virtually anywhere — project in tight locations that were previously not an option for projection applications
Compatible — supports select Epson interchangeable lens projectors1, 9,000 to 20,000 lumens
Supported screen size — 100″ to 500″
F-number — 1.9
Wide lens shift — Vertical: +45% to +70% (H Center) Horizontal: -15% to +15% (V Center) (Powered)
4K-UHD = Vertical: +45% to +68% (H Center) Horizontal: -10% to +10% (V Center) (Powered)
Focal length — 8 mm
Ideal for dynamic displays — facilitates front projection from above and rear projection from below the floor surface for dynamic window displays and other immersive experiences",https://cuesale.com/wp-content/uploads/2026/07/Epson-ELPLX02-3.jpg,1,https://cuesale.com/wp-content/uploads/2026/07/Epson-ELPLX02-4.jpg,2,https://cuesale.com/wp-content/uploads/2026/07/Epson-ELPLX02-2.jpg,3,https://cuesale.com/wp-content/uploads/2026/07/Epson-ELPLX02-1.jpg,4,,5,,6,,7
cuesale.com,https://cuesale.com/product/epson-eb-l20000u-3lcd-wuxga-laser-projector/,Projectors / Beamers,Epson EB-L20000U 3LCD WUXGA Laser Projector,4,POA,POA,EUR,,,"Epson EB-L20000U 3LCD WUXGA Laser Projector
Lenses :
Epson ELPLU04
Epson ELPLX02
Please select package : 
Package 1 : Wheeled flightcase
Package 2 : Flightcase, missing front handle
Package 3 : Flightcase, missing front handle, missing lens caps
Compact 20,000-lumen WUXGA laser installation projector that offers fit-and-forget reliability and great performance.
The EB-L20000U is designed to be used at events, festivals, visitor attractions, large auditoriums, trade shows and shopping centres, as well as for corporate and educational purposes.
A futureproof 20,000 lumen projection solution Easily slots into an existing infrastructure. It uses the same lenses as Epson’s popular EB-L1000 series projectors that are native-4k compatible.
Light, compact and easy for a single person to transport and install. The EB-L20000U offers 360-degree installation and can project from any angle, as well as in portrait mode. It also features built-in camera for automatic edge-blending.
Specificaitons : 
Technology :
Projection System : 3LCD Technology
LCD Panel : 1.03 inch with C2 Fine
Image :
Color Light Output : 20,000 Lumen- 14,000 Lumen (economy) In accordance with ISO 21118:2013
Resolution : WUXGA, 1920 x 1200, 16:10
Contrast Ratio : 2,500,000 : 1
Native Contrast : 2,000 : 1
Laser Light source : 20,000 hours Durability High, 30,000 hours Durability Eco
White Light Output : 20,000 Lumen – 14,000 Lumen (economy) In accordance with ISO 21118:2013
Portrait Colour Light Output : 20,000 lm
Portrait White Light Output : 20,000 lm
Keystone Correction : Manual vertical: ± 45 °, Manual horizontal ± 30 °
Colour Reproduction : Up to 1.07 billion colours
Optical :
Throw Ratio : 1.57 – 2.56:1
Lens Shift : Motorized – Vertical ± 60 %, horizontal ± 18 %
Screen Size : 60 inches – 1,000 inches
Projection : Lens Focus Motorized
Zoom : Motorized, Factor: 1 – 1.6
Lens position memory : 10 positions
Projection Distance Wide : 2 m – 24.4 m
Connectivity :
Interfaces : HDBaseT, BNC in, DVI in, VGA out, VGA in, Ethernet interface (100 Base-TX / 10 Base-T), RS-232C, USB 2.0 Type B (Service Only), Wireless LAN b/g/n (2.4GHz) (optional), HDMI (HDCP 2.2), 3G-SDI Input, DC Power Output (900mA), 3G-SDI Output, Ethercon LAN
Advanced features :
Video Color Modes : Cinema, Dynamic, Presentation, DICOM SIM, Multi Projection, BT709
Projector control via : AMX, Crestron, Extron
General :
Power consumption : 1,860 Watt, 1,123 Watt (economy), 0.5 Watt (standby), On mode power consumption as defined in JBMS-84 1,743 Watt
Heat Dissipation : 6,324 BTU/hour (max)
Product dimensions : 620 x 790 x 358 mm (Width x Depth x Height)
Product weight : 49.6 kg
Noise Level Normal : 45 dB (A) – Economy: 38 dB (A)",https://cuesale.com/wp-content/uploads/2026/07/Epson-EB-L20000U-9.jpg,1,https://cuesale.com/wp-content/uploads/2026/07/Epson-EB-L20000U-10.jpg,2,https://cuesale.com/wp-content/uploads/2026/07/Epson-EB-L20000U-11.jpg,3,https://cuesale.com/wp-content/uploads/2026/07/Epson-EB-L20000U-3.jpg,4,https://cuesale.com/wp-content/uploads/2026/07/Epson-EB-L20000U-1.jpg,5,,6,,7
cuesale.com,https://cuesale.com/product/robe-bmfl-wash-xf-fresnel-moving-head/,Wash Movinglights,Robe BMFL Wash XF Fresnel Moving Head,12,POA,POA,EUR,Robe Lighting,,"Robe BMFL Wash XF Fresnel Moving Head
BMFL™ – Wash is the ultimate fresnel based 1.700 W lamp based wash light with large 200 mm diameter front fresnel lens for high quality traditional wash output ranging from punchy tight 4.5° to smooth 55°.
Custom interchangeable frost filters with three grades (light, medium and heavy) for extremely gentle soft touch. CMY + CTO colour mixing filters for the unprecedented BMFL quality of colour transitions and two color wheels with 6 colours each, one with custom replaceable ″SLOT&LOCK“ positions. Advanced DMX controllable edge aberration correction for smoother hues and seamless coverage.
The Optional XF module expands the features of the BMFL™ Wash with innovative internal Scrim having a graduated filter, which can be inserted to the light path and allowing rotation of the whole assembly +/- 180° to achieve even wash coverage when projecting onto a non-perpendicular surface and internal motorised barndoors for creating different unique shapes and chases which also simulate barndoor effects. The barndoor module consists of four individually controllable blades and is rotatable by +/- 90°.
Features : 
Robe’s proprietary optical design
High – efficiency zoom optical system, ratio 12:1
Zoom range: 4,5° – 55°
Output Lens diameter: 200 mm
Dichroic glass reflector for maximising the light efficiency
High efficient component optics
Fixture total lumen output:
38.000 lm @ 1700 W
32.680 lm @ 1500 W
27.630 lm @ 1200 W (Quiet mode)
Illuminance: 125.000 lx @ 5 m, 1250 lx @ 50 m",https://cuesale.com/wp-content/uploads/2026/07/robe-bmfl-wash-xf-1.jpg,1,https://cuesale.com/wp-content/uploads/2026/07/robe-bmfl-wash-xf-2.jpg,2,https://cuesale.com/wp-content/uploads/2026/07/robe-bmfl-wash-xf-3.jpg,3,https://cuesale.com/wp-content/uploads/2026/07/robe-bmfl-wash-xf-4.jpg,4,https://cuesale.com/wp-content/uploads/2026/07/robe-bmfl-wash-xf-5.jpg,5,https://cuesale.com/wp-content/uploads/2026/07/robe-bmfl-wash-xf-6.jpg,6,https://cuesale.com/wp-content/uploads/2026/07/robe-bmfl-wash-xf-9.jpg,7
cuesale.com,https://cuesale.com/product/flightcase-sfla/,Flightcases,Flightcase SFLA,1,195.00,POA,EUR,,,"Flightcase SFLA
Approximately 110 x 80 x 87 cm external dimensions.
Approximately 106 x 76 x 66 cm internal dimensions.",https://cuesale.com/wp-content/uploads/2026/07/flightcase-cablecase-sfla-1.jpg,1,https://cuesale.com/wp-content/uploads/2026/07/flightcase-cablecase-sfla-2.jpg,2,,3,,4,,5,,6,,7
cuesale.com,https://cuesale.com/product/flightcase-bf6/,Flightcases,Flightcase drawers BF6,1,255.00,POA,EUR,,,"Flightcase BF6
Approximately 62 x 72 x 92 cm external dimensions.
The drawers accept items up to 10 / 10 / 7 / 10 / 20 cm height.",https://cuesale.com/wp-content/uploads/2026/07/flightcase-bf6-2.jpg,1,https://cuesale.com/wp-content/uploads/2026/07/flightcase-bf6-3.jpg,2,https://cuesale.com/wp-content/uploads/2026/07/flightcase-bf6-4.jpg,3,https://cuesale.com/wp-content/uploads/2026/07/flightcase-bf6-5.jpg,4,https://cuesale.com/wp-content/uploads/2026/07/flightcase-bf6-6.jpg,5,https://cuesale.com/wp-content/uploads/2026/07/flightcase-bf6-1.jpg,6,,7
cuesale.com,https://cuesale.com/product/flightcase-bf3/,Flightcases,Flightcase drawers BF3,1,215.00,POA,EUR,,,"Flightcase BF3
Approximately 62 x 72 x 58 cm external dimensions.
The drawers accept items up to 10cm height.",https://cuesale.com/wp-content/uploads/2026/07/flightcase-bf3-4.jpg,1,https://cuesale.com/wp-content/uploads/2026/07/flightcase-bf3-3.jpg,2,https://cuesale.com/wp-content/uploads/2026/07/flightcase-bf3-2.jpg,3,https://cuesale.com/wp-content/uploads/2026/07/flightcase-bf3-1.jpg,4,,5,,6,,7
cuesale.com,https://cuesale.com/product/flightcase-drawers-bf4/,Flightcases,Flightcase drawers BF4,2,235.00,POA,EUR,,,"Flightcase BF4
Approximately 62 x 72 x 72 cm external dimensions.
The top two drawers accept items up to 10cm height, the bottom one up to 20cm.",https://cuesale.com/wp-content/uploads/2026/07/flightcase-bf4-2.jpg,1,https://cuesale.com/wp-content/uploads/2026/07/flightcase-bf4-3.jpg,2,https://cuesale.com/wp-content/uploads/2026/07/flightcase-bf4-4.jpg,3,https://cuesale.com/wp-content/uploads/2026/07/flightcase-bf4-1.jpg,4,,5,,6,,7
cuesale.com,https://cuesale.com/product/flightcase-cablecase-blue/,Flightcases,Flightcase Cablecase Blue,1,195.00,POA,EUR,,,"Flightcase Cablecase Blue
Approximately 122 x 60 x 76 cm external dimensions.
Approximately 117 x 53 x 58 cm internal dimensions.",https://cuesale.com/wp-content/uploads/2026/07/flightcase-cablecase-blue-1.jpg,1,https://cuesale.com/wp-content/uploads/2026/07/flightcase-cablecase-blue-2.jpg,2,,3,,4,,5,,6,,7
cuesale.com,https://cuesale.com/product/meyer-sound-650-p-self-powered-reinforcement-subwoofer/,Sub Cabinet (Active),Meyer Sound 650-P Self-Powered Reinforcement Subwoofer,6,795.00,POA,EUR,Meyer Sound,,"Meyer Sound 650-P Self-Powered Reinforcement Subwoofer
Black and gray coated available, please select.
The 650-P is a self-powered, tuned, bass-reflex subwoofer that uses two 18″ drivers, capable of long excursion with minimal distortion. The unit extends the lower range of Meyer Sound reinforcement systems by providing a frequency response of 28 to 120 Hz. Being self-powered, the amplifiers and control electronics are fully contained within the speaker enclosure.
The 650-P incorporates the Intelligent AC system, which performs automatic voltage selection, EMI filtering, soft current turn-on, and surge suppression. All that is required to install the unit is an audio input signal and an AC power connection.
The unit uses Tru Power Limiting(TPL) to provide driver protection under extreme operating conditions. This prevents overheating, and ensures graceful handling of high power applications. The amplifier is designed to give reliable, consistent, and outstanding performance. If servicing is required, it is facilitated by the modular design of the unit; the entire power/amplifier module can be accessed and replaced, if necessary.
Specifications : 
Frequency Response : ±4 dB from 28 Hz to 100 Hz
Phase Response : ±30° from 45 Hz to 145 Hz
Maximum SPL : 136 dB @1 meter
Dynamic Range : >110 dB
(-6 dB points) : 360°H ; 180°V
Low Frequency : 18″ diameter MS-18 cone (2)
Type : 10kΩ impedance, electronically balanced
Connector : XLR (A-3) male and female
Nominal input level : +4 dBu
Type : Complementary power MOSFET output stages (audio class AB/H)
Burst capability : 1240 watts (620 watts/channel)
THD, IM, TIM : < .02 %",https://cuesale.com/wp-content/uploads/2026/07/meyer-sound-650-P-5.jpg,1,https://cuesale.com/wp-content/uploads/2026/07/meyer-sound-650-P-4.jpg,2,https://cuesale.com/wp-content/uploads/2026/07/meyer-sound-650-P-6.jpg,3,,4,,5,,6,,7
cuesale.com,https://cuesale.com/product/flightcase-arridim/,Flightcases,Flightcase ArriDim,1,215.00,POA,EUR,,,"Flightcase ArriDim
18U
Approximately 85 x 55 x 80 cm external dimensions.",https://cuesale.com/wp-content/uploads/2026/07/flightcase-arridim-1.jpg,1,https://cuesale.com/wp-content/uploads/2026/07/flightcase-arridim-2.jpg,2,,3,,4,,5,,6,,7
cuesale.com,https://cuesale.com/product/robe-robin-300-ledwash/,Wash Movinglights,Robe Robin 300+ LEDWash,40,695.00,POA,EUR,Robe Lighting,,"Robe Robin 300+ LEDWash
Utilizing 19 multichip LEDs and motorized linear zoom 8 – 63 degrees the ROBIN® 300+ LEDWash offers great flexibility with superior homogenization of the light source.
Specialized component optics composed of highly efficient elements ensures completely smooth colour mixing and it emphasizes dynamic array of true colours and hues. This lightweight compact fixture is ideal for all small-to-medium applications, particularly those where space and accessibility is an issue.
Features :
Light source : 19x 15W RGBW LED multichips
Light output : 3.370 lm, 4.300 lx @ 5 m
Zoom range : 8° – 63°
Effects : 3 LED rings control, rainbow effects, tungsten lamp effect, pre-programmed whites",https://cuesale.com/wp-content/uploads/2026/07/robe-ROBIN-300-LEDWash-1.jpg,1,https://cuesale.com/wp-content/uploads/2026/07/robe-ROBIN-300-LEDWash-3.jpg,2,https://cuesale.com/wp-content/uploads/2026/07/robe-ROBIN-300-LEDWash-2.jpg,3,https://cuesale.com/wp-content/uploads/2026/07/robe-ROBIN-300-LEDWash-4.jpg,4,https://cuesale.com/wp-content/uploads/2026/07/robe-ROBIN-300-LEDWash-5.jpg,5,https://cuesale.com/wp-content/uploads/2026/07/robe-ROBIN-300-LEDWash-6.jpg,6,,7
cuesale.com,https://cuesale.com/product/dpa-2028-vocal-microphone-head/,Microphones,DPA 2028 Vocal Microphone Head,1,345.00,POA,EUR,DPA,,"DPA 2028 Vocal Microphone Head
The 2028 Vocal Microphone Head is designed for the unique challenges of live stage performances. It is a flexible handheld vocal mic, which provides transparent, fantastic vocals to performers from a wide range of markets including live, HoW, broadcast, etc.",https://cuesale.com/wp-content/uploads/2026/07/dpa-2028-head-1.jpg,1,,2,,3,,4,,5,,6,,7
cuesale.com,https://cuesale.com/product/tascam-ss-r100-solid-state-recorder/,Others,Tascam SS-R100 Solid State Recorder,1,365.00,POA,EUR,Tascam,,"Tascam SS-R100 Solid State Recorder
The TASCAM SS-R100 is a stereo audio recorder that records to Compact Flash, SD/SDHC cards and USB memory in various formats. The SS-R100 enjoys high reliability and versatility thanks to Compact Flash recording which is common in broadcasting stations because of its highly-reliable design with concealed contacts, as well as SD/SDHC cards and USB memory devices widely available in the market, while reducing maintenance cost drastically by eliminating rotating mechanism for recording.",https://cuesale.com/wp-content/uploads/2026/07/tascam-ss-r100-1.jpg,1,https://cuesale.com/wp-content/uploads/2026/07/tascam-ss-r100-2.jpg,2,,3,,4,,5,,6,,7
cuesale.com,https://cuesale.com/product/db-technologies-dsa-viol208-stack-adapter/,Sound Accessories,db Technologies DSA-VIOL208 Stack Adapter,2,275.00,POA,EUR,DB Technologies,,"db Technologies DSA-VIOL208 Stack Adapter
Stack adapter, holds up to 2x VIO L208 on pole mount. Safely stack an array of 4x VIO L208 when secured on top of VIO S118 or S118R.",https://cuesale.com/wp-content/uploads/2026/07/db-technologies-dsa-viol208-1.jpg,1,https://cuesale.com/wp-content/uploads/2026/07/db-technologies-dsa-viol208-2.jpg,2,,3,,4,,5,,6,,7
cuesale.com,https://cuesale.com/product/high-end-systems-playback-wing-4/,Consoles (desk),High End Systems Playback Wing 4,1,1395.00,POA,EUR,High-End Systems,,"High End Systems Playback Wing 4
The Playback Wing 4 provides 10 additional faders plus one Grand Master, all motorized, for the Hog 4, Full Boar 4, Road Hog 4 and Hog 4 PC software.
Features : 
Ten motorized playback masters
One motorized Grand Master
15.6 inch widescreen with multi touch
Master Choose column and Next and Back Page buttons
USB connection to Hog 4, Full Boar 4, Road Hog 4 and Hog 4 PC
Integrated touchscreen controls
Super Widget Expansion slot provides four DMX outputs from PC based products
(when optional Super Widget is installed)
Socket for a Hog LED desklight (supplied), fully dimmable
LED Desklight and feedback LEDs dimmable
Sleek Road Hog 4 styling
Status LEDs for power, data, and expansion
Two USB sockets
Auto-ranging mains input (90-250VAC)",https://cuesale.com/wp-content/uploads/2026/07/hes-wing4-7-2026-3.jpg,1,https://cuesale.com/wp-content/uploads/2026/07/hes-wing4-7-2026-4.jpg,2,https://cuesale.com/wp-content/uploads/2026/07/hes-wing4-7-2026-5.jpg,3,https://cuesale.com/wp-content/uploads/2026/07/hes-wing4-7-2026-2.jpg,4,https://cuesale.com/wp-content/uploads/2026/07/hes-wing4-7-2026-1.jpg,5,,6,,7
cuesale.com,https://cuesale.com/product/generic-sling-package/,Cross-Functional AV Gear,Generic Sling Package,14,POA,POA,EUR,,,"Generic Sling Package
Several wll/lengths available, packages of 10, please select.
Polyester.
10x Purple 1 Ton, 0.5m
10x Purple 1 Ton, 1m
10x Purple 1 Ton, 1.5m
10x Green 2 Ton, 1m",https://cuesale.com/wp-content/uploads/2026/07/sling-green-purple-1.jpg,1,,2,,3,,4,,5,,6,,7
cuesale.com,https://cuesale.com/product/flightcase-l160/,Flightcases,Flightcase L160,1,85.00,POA,EUR,,,"Flightcase L160
Approximately 51 x 40 x 26 cm external dimensions.
Approximately 45 x 34 x 20 cm internal dimensions.",https://cuesale.com/wp-content/uploads/2026/06/flightcase-l160-1.jpg,1,https://cuesale.com/wp-content/uploads/2026/06/flightcase-l160-2.jpg,2,,3,,4,,5,,6,,7
cuesale.com,https://cuesale.com/product/generic-led-strip-on-swivel/,Static LED fixtures,Generic LED Strip on Swivel,1,95.00,POA,EUR,,,"Generic LED Strip on Swivel
DMX controllable and on-board programs.",https://cuesale.com/wp-content/uploads/2026/06/generic-led-strips-on-swivel-1.jpg,1,https://cuesale.com/wp-content/uploads/2026/06/generic-led-strips-on-swivel-2.jpg,2,,3,,4,,5,,6,,7
cuesale.com,https://cuesale.com/product/david-clark-c6235-headset-adapter-cord-ht750/,Other Lighting Products,David Clark C6235 Headset Adapter Cord – HT750,22,10.00,POA,EUR,,,"David Clark C6235 Headset Adapter Cord – HT750
24 inch coiled adapter cord for David Clark H6240-M modular headset
Compatible with David Clark H6240-M modular headset and HT750, HT1250, HT1550, PR860, GP1200, GP-1280, GP-140, GP-320, GP-328, GP-338, GP-340, GP-360, GP-380, GP-640, GP-680, MTX-8250, MTX-850, MTX-9250, PRO-5150",https://cuesale.com/wp-content/uploads/2026/06/David-Clark-C6235-22x-1.jpg,1,,2,,3,,4,,5,,6,,7
cuesale.com,https://cuesale.com/product/bss-dpr-402-dual-compressor-de-esser-limiter/,Gates & Compressors,BSS DPR 402 Dual Compressor/De-Esser/Limiter,1,185.00,POA,EUR,BSS,,"BSS DPR 402 Dual Compressor/De-Esser/Limiter
The DPR-402 is a 2-channel compressor/limiter, high frequency de-esser and wide band de-esser with peak limiting, adjustable speed, dynamics program manipulation, and full LED metering for both input and output.
Integrated side-chain and gain reduction metering allow for continuous dynamic activity monitoring.",https://cuesale.com/wp-content/uploads/2026/06/BSS-DPR-402-1.jpg,1,https://cuesale.com/wp-content/uploads/2026/06/BSS-DPR-402-2.jpg,2,,3,,4,,5,,6,,7
cuesale.com,https://cuesale.com/product/waves-maxx-bcl-compressor/,Gates & Compressors,Waves Maxx BCL Compressor,1,1795.00,POA,EUR,,,"Waves Maxx BCL Compressor
MaxxBCL includes three powerful, proven processors. MaxxBass® uses psychoacoustic technology to create a lower, deeper sense of bass. The Renaissance Compressor provides smooth, consistent dynamics control, while the L2 Ultramaximizer™ delivers loud, powerful presence and punch.
To cover all possible connection scenarios, the rear panel includes optical or coaxial S/PDIF and AES digital I/O, combo jack XLR with 1/4″ stereo TRS inputs, and both XLR and 1/4″ stereo TRS outputs.
Features : 
Bass enhancement, compression, and level maximization
Rugged, rack-mountable, road-ready hardware
MaxxBass, L2 Ultramaximizer, and Renaissance Compressor
Perfect for live sound, broadcast, post-production, and more
Premier AD/DA converters, with 48-bit double-precision processing
Supports 44.1 kHz to 96 kHz sample rates
24-bit resolution (quantizable to 16 bits), 125 dB dynamic range.
Transformer-based analog input/output stages",https://cuesale.com/wp-content/uploads/2026/06/Waves-Maxx-BCL-1.jpg,1,https://cuesale.com/wp-content/uploads/2026/06/Waves-Maxx-BCL-2.jpg,2,,3,,4,,5,,6,,7
cuesale.com,https://cuesale.com/product/yamaha-ql5-digital-mixing-console/,Digital Mixing Consoles,Yamaha QL5 Digital Mixing Console,1,5995.00,POA,EUR,Yamaha,,"Yamaha QL5 Digital Mixing Console
32 + 2 fader configuration adapts to a wide range of channel layouts. The QL5 is a compact console with large-scale capabilities.
Mix channels: 64 mono, 8 stereo.
Busses: 16 mix, 8 matrix (Input to Matrix supported).
Local I/O: 32 in, 16 out.
Fader configuration: 32 + 2 (Master).
Stainless steel iPad support stays.",https://cuesale.com/wp-content/uploads/2026/06/yamaha-ql5-6-2026-1.jpg,1,https://cuesale.com/wp-content/uploads/2026/06/yamaha-ql5-6-2026-3.jpg,2,https://cuesale.com/wp-content/uploads/2026/06/yamaha-ql5-6-2026-2.jpg,3,https://cuesale.com/wp-content/uploads/2026/06/yamaha-ql5-6-2026-4.jpg,4,https://cuesale.com/wp-content/uploads/2026/06/yamaha-ql5-6-2026-5.jpg,5,,6,,7
cuesale.com,https://cuesale.com/product/flightcase-sd5818/,Flightcases,Flightcase SD5818,1,165.00,POA,EUR,,,"Flightcase SD5818
Approximately 78 x 59 x 38 cm external dimensions.",https://cuesale.com/wp-content/uploads/2026/06/flightcase-sd5818-2.jpg,1,https://cuesale.com/wp-content/uploads/2026/06/flightcase-sd5818-1.jpg,2,https://cuesale.com/wp-content/uploads/2026/06/flightcase-sd5818-3.jpg,3,,4,,5,,6,,7
cuesale.com,https://cuesale.com/product/flightcase-intercom/,Flightcases,Flightcase Intercom,1,95.00,POA,EUR,,,"Flightcase Intercom
Approximately 54 x 64 x 32 cm external dimensions.",https://cuesale.com/wp-content/uploads/2026/06/flightcase-intercom-2.jpg,1,https://cuesale.com/wp-content/uploads/2026/06/flightcase-intercom-1.jpg,2,https://cuesale.com/wp-content/uploads/2026/06/flightcase-intercom-3.jpg,3,,4,,5,,6,,7
cuesale.com,https://cuesale.com/product/audience-delight-spectra-12-3m-monitor/,Stage Monitors,Audience Delight Spectra 12-3M Monitor,2,95.00,POA,EUR,,,"Audience Delight Spectra 12-3M Monitor
Sold as set of 2.
Design: 3-Way full range monitor
Loudspeaker: 2 x 12″/1″
Freq Response: 65Hz-18kHz
SPL Max: 133 dB
Dispersion: 60º x 40º
Power Handling: 500w (R.M.S.)
Dimensions: 600 x 400 x 600mm
Weight: 33 kg",https://cuesale.com/wp-content/uploads/2026/06/audience-delight-spectra-12-3m-1.jpg,1,https://cuesale.com/wp-content/uploads/2026/06/audience-delight-spectra-12-3m-2.jpg,2,https://cuesale.com/wp-content/uploads/2026/06/audience-delight-spectra-12-3m-3.jpg,3,,4,,5,,6,,7
cuesale.com,https://cuesale.com/product/patch-rack-12u/,Flightcases,Patch Rack 12U,1,235.00,POA,EUR,,,"Patch Rack 12U
Approximately 60 x 60 x 69 cm external dimensions.",https://cuesale.com/wp-content/uploads/2026/06/12U-Rack-1.jpg,1,https://cuesale.com/wp-content/uploads/2026/06/12U-Rack-4.jpg,2,https://cuesale.com/wp-content/uploads/2026/06/12U-Rack-3.jpg,3,https://cuesale.com/wp-content/uploads/2026/06/12U-Rack-2.jpg,4,,5,,6,,7
cuesale.com,https://cuesale.com/product/socapex-19p-link-box/,Connectors,Socapex 19P Link Box,2,135.00,POA,EUR,,,"Socapex 19P Link Box
6x Schuko
5x XLR5F
1x UTP",https://cuesale.com/wp-content/uploads/2026/06/socapex-19p-link-box-1.jpg,1,,2,,3,,4,,5,,6,,7
cuesale.com,https://cuesale.com/product/manfrotto-r08345-floating-leg-for-wind-up-stand/,Others,"Manfrotto R083,45 – Floating Leg For Wind-up Stand",1,125.00,POA,EUR,Manfrotto,,"Manfrotto R083,45 – Floating Leg For Wind-up Stand
Models used on:
083NW
087NW
083NWY
083NW,104",https://cuesale.com/wp-content/uploads/2026/06/manfrotto-r08345-.jpg,1,,2,,3,,4,,5,,6,,7
cuesale.com,https://cuesale.com/product/manfrotto-r00812-top-column-with-collar-and-bushing/,Others,"Manfrotto R008,12 Top Column with Collar and Bushing",5,85.00,POA,EUR,Manfrotto,,"Manfrotto R008,12
Top Column with Collar and Bushing, for use with 008CSU stand. Old part# reference, made up of :
R008,08 (30 mm column)
R126,02 (collar)
R008,09 (top bushing & wedge)",https://cuesale.com/wp-content/uploads/2026/06/manfrotto-r00812-1.jpg,1,,2,,3,,4,,5,,6,,7
cuesale.com,https://cuesale.com/product/flightcase-martin-mac-aura/,Flightcases,Flightcase Martin Mac Aura,1,235.00,POA,EUR,,,"Flightcase Martin Mac Aura
Fits 6 Martin Mac Aura fixtures.
Approximately 122 x 60 x 75 cm external dimensions.",https://cuesale.com/wp-content/uploads/2026/06/flightcase-martin-mac-aura-6-1.jpg,1,https://cuesale.com/wp-content/uploads/2026/06/flightcase-martin-mac-aura-6-2.jpg,2,,3,,4,,5,,6,,7
cuesale.com,https://cuesale.com/product/blinder-4x-300w/,Floodlight,Blinder 4x 300W,5,75.00,POA,EUR,,,Blinder 4x 300W,https://cuesale.com/wp-content/uploads/2026/06/blinder-4x300w-1.jpg,1,https://cuesale.com/wp-content/uploads/2026/06/blinder-4x300w-2.jpg,2,,3,,4,,5,,6,,7
cuesale.com,https://cuesale.com/product/toshiba-2-way-blinder-al-mb-2/,Floodlight,Toshiba 2-Way Blinder AL-MB-2,20,35.00,POA,EUR,,,"Toshiba 2-Way Blinder AL-MB-2
2x 100V / 500W
Includes barndoors",https://cuesale.com/wp-content/uploads/2026/06/toshiba-al-mb-2-1.jpg,1,https://cuesale.com/wp-content/uploads/2026/06/toshiba-al-mb-2-2.jpg,2,https://cuesale.com/wp-content/uploads/2026/06/toshiba-al-mb-2-3.jpg,3,,4,,5,,6,,7
cuesale.com,https://cuesale.com/product/db-audiotechnik-e3-full-range-2-way-loudspeaker/,Passive Speakers,"d&b Audiotechnik E3 Full range, 2-way loudspeaker",2,345.00,POA,EUR,D&B Audiotechnik,,"d&b Audiotechnik E3 Full range, 2-way loudspeaker
Sold as sets of 2, includes mounting bracket.
The E3 is an extremely small and versatile high performance system with astonishing sound and excellent headroom. The horn, which may be rotated to give either 90° x 60° or 60° x 90° coverage, has the necessary flexibility in directivity to enable a variety of applications such as delay, infill or distributed sound reinforcement applications. In addition, it can be used as an extremely compact stage monitor. Together with a subwoofer system the E3 is also capable of reproducing live or playback music at continuously high SPLs. The E3 cabinet is constructed from marine plywood with an impact resistant paint finish, and with its asymmetrical shape and eight M8 threaded inserts for mounting accessories the E3 can be deployed in almost any position. The loudspeaker cabinet is also available in Special Colour (SC) and Weather Resistant (WR) options.
Specifications : 
System data :
Frequency response (-5 dB) : 80 Hz – 18 kHz
Max. sound pressure with D80/D90 : 122/123/123 dB SPL
Cabinets per channel D6/D12/D80 : 4
Loudspeaker data :
Power handling capacity (RMS/peak 10 ms) : 120/480 W
Nominal dispersion angle (h x v) : 90° x 60° CD rotatable
Components : 6.5″ driver/1″ compression driver with constant directivity horn
Dimensions / weight :
Dimensions (h x w x d) : 352 x 190 x 204 mm / 13.9 x 7.5 x 8″
Weight : 7.2 kg / 16 lb",https://cuesale.com/wp-content/uploads/2026/06/DB-E3-8st-1.jpg,1,https://cuesale.com/wp-content/uploads/2026/06/DB-E3-8st-2.jpg,2,https://cuesale.com/wp-content/uploads/2026/06/DB-E3-8st-3.jpg,3,https://cuesale.com/wp-content/uploads/2026/06/DB-E3-8st-4.jpg,4,,5,,6,,7
cuesale.com,https://cuesale.com/product/chauvet-maverick-mk2-spot/,Spot Movinglights,Chauvet Maverick MK2 Spot,13,995.00,POA,EUR,Chauvet,,"Chauvet Maverick MK2 Spot
A powerful 440W LED moving spot fixture delivering a comprehensive feature set including CMY and CTO color mixing, dual rotating gobo wheels, a separate color wheel, variable frost, a 3-facet prism, and a versatile zoom range.
Perfect for professional touring, theatre productions, and large-scale event applications demanding a bright, feature-packed spot luminaire with flexible control options.
Features : 
Delivers bright, even output from a powerful 440 W cool white LED engine.
Expands creative options with two 6-position rotating and interchangeable gobo wheels.
Features a 7-position color wheel with split-color and continuous scroll capabilities.
Achieve seamless fades and precise intensity control with smooth 16-bit dimming.
Refine beam control with a motorized iris for precise size adjustments.
Supports versatile control via DMX, Art-Net, sACN, and integrated W-DMX.",https://cuesale.com/wp-content/uploads/2026/06/chauvet-maverick-mk2-spot-2.jpg,1,https://cuesale.com/wp-content/uploads/2026/06/chauvet-maverick-mk2-spot-4.jpg,2,https://cuesale.com/wp-content/uploads/2026/06/chauvet-maverick-mk2-spot-3.jpg,3,https://cuesale.com/wp-content/uploads/2026/06/chauvet-maverick-mk2-spot-1.jpg,4,https://cuesale.com/wp-content/uploads/2026/06/chauvet-maverick-mk2-spot-5.jpg,5,https://cuesale.com/wp-content/uploads/2026/06/chauvet-maverick-mk2-spot-6.jpg,6,,7
cuesale.com,https://cuesale.com/product/wooden-rack-sleeve-4u/,Flightcases,Wooden Rack Sleeve 4U,1,70.00,POA,EUR,,,"Wooden Rack Sleeve 4U
Stackable.",https://cuesale.com/wp-content/uploads/2026/06/wooden-rack-sleeve-4u-1.jpg,1,https://cuesale.com/wp-content/uploads/2026/06/wooden-rack-sleeve-4u-2.jpg,2,,3,,4,,5,,6,,7
cuesale.com,https://cuesale.com/product/martin-p3-150-system-controller/,LED Screens,Martin P3 150 System Controller,1,6995.00,POA,EUR,Martin Professional,,"Martin P3 150 System Controller
The Martin P3-150 System Controller supports video input up to Full HD (1920×1080) and allows fixtures to be mapped onto the visual canvas, patched, addressed, and configured without having to directly access the fixtures. Martin fixtures can be easily controlled from a lighting desk, video source or a mix of both. They integrate with third-party software by importing and exporting industry-standard MVR files, eliminating duplicate actions and enabling designs to be easily shared.
Uniquely creative looks can be created for each application, whether using video content, traditional DMX controls, Art-Net / sACN PixelMapping, or a mix of control methods.
The entire system is fully synchronized, ensuring all elements work cohesively without visible latency. They support Full HD video input over DVI input, outputting up to 520,000 pixels to up to 2,000 fixtures. Real-time previews show you how video will be rendered on the fixtures.",https://cuesale.com/wp-content/uploads/2026/06/martin-p3-150-1.jpg,1,https://cuesale.com/wp-content/uploads/2026/06/martin-p3-150-2.jpg,2,,3,,4,,5,,6,,7
cuesale.com,https://cuesale.com/product/clear-com-eclipse-median/,Others,Clear-Com Eclipse Median,1,995.00,POA,EUR,,,"Clear-Com Eclipse Median
Sold as-is, see pictures. Front door does not latch. 
A digital point-to-point intercom platform with a 6RU matrix frame, redundant CPUs and power supplies, support for multiple interface cards/modules, and EHX-based configuration and management.",https://cuesale.com/wp-content/uploads/2026/06/clear-com-eclipse-median-1.jpg,1,https://cuesale.com/wp-content/uploads/2026/06/clear-com-eclipse-median-2.jpg,2,,3,,4,,5,,6,,7
cuesale.com,https://cuesale.com/product/shure-qlxd4-k51-qlxd2-sm58-boxed-set/,Wireless Microphone,Shure QLXD4 K51 SM58 Boxed Set,1,745.00,POA,EUR,Shure,,"Shure QLXD4 K51 QLXD2 SM58 Boxed Set
Used, 19″ mounts not included.
K51 band : 606–670 MHz
Shure QLXD4 :
Digital wireless receiver combines professional features with streamlined set-up and operation. Features include Automatic Channel scan, Networked Channel Scan, digital predictive switching, and AES 256 encryption for security.
Shure QLXD2 with SM58 : 
Featuring transparent 24-bit digital audio quality and incredibly efficient RF spectrum usage, the QLXD2 handheld transmitter is ideal for wireless vocals in presentation spaces, music venues, and houses of worship. Easy to use, the QLXD2 quickly syncs with a wireless receiver over IR at the push of a button and maintains clear, uninterrupted signal over its entire 100 m (330 ft.) range. All metal construction ensures durability, and a wide selection of compatible microphone choices offer legendary Shure sound signatures.",https://cuesale.com/wp-content/uploads/2026/06/shure-qlxd4-K51-qlxd2-sm58-boxed-set-1.jpg,1,https://cuesale.com/wp-content/uploads/2026/06/shure-qlxd4-K51-qlxd2-sm58-boxed-set-2.jpg,2,https://cuesale.com/wp-content/uploads/2026/06/shure-qlxd4-K51-qlxd2-sm58-boxed-set-3.jpg,3,https://cuesale.com/wp-content/uploads/2026/06/shure-qlxd4-K51-qlxd2-sm58-boxed-set-4.jpg,4,,5,,6,,7
cuesale.com,https://cuesale.com/product/meatrack-32/,Flightcases,Meatrack 32,1,265.00,POA,EUR,,,"Meatrack 32
Steel, all castors swivel.
Approximately 176 x 75 x 163 cm external dimensions.
Approximately 24 cm between horizontal beams (3), 65 cm max height vertically.",https://cuesale.com/wp-content/uploads/2026/06/meatrack-32-1.jpg,1,,2,,3,,4,,5,,6,,7
cuesale.com,https://cuesale.com/product/flightcase-sbq/,Flightcases,Flightcase SBQ,1,185.00,POA,EUR,,,"Flightcase SBQ
Approximately 81 x 63 x 56 cm external dimensions.
Sections :
5x approximately 58 x 9,5 x 36 cm.
1x approximately 14,5 x 57 x 36 cm.",https://cuesale.com/wp-content/uploads/2026/06/flightcase-sbq-2.jpg,1,https://cuesale.com/wp-content/uploads/2026/06/flightcase-sbq-1.jpg,2,,3,,4,,5,,6,,7
cuesale.com,https://cuesale.com/product/chauvet-rogue-rh1-hybrid-moving-head/,Hybrid Movinglights,Chauvet Rogue RH1 Hybrid Moving Head,8,795.00,POA,EUR,Chauvet,,"Chauvet Rogue RH1 Hybrid Moving Head
Sold seperately or sets of 2 in non-original flightcase, please select.
The Rogue RH1 Hybrid is a powerful 330W Osram lamp-powered moving head that delivers intense beam, spot, and wash effects through a versatile optical system featuring layerable prisms, dual gobo wheels, and a 13-color wheel.
Ideal for touring productions, concert stages, and large venues where a single, powerful fixture is needed to create a wide range of dynamic visual effects.
Features :
High-Performance Osram Lamp : Features a powerful 330W Osram Sirius X8 lamp with an 8,000K color temperature and a 1,500-hour life expectancy.
Versatile DMX Connections : Includes both 3-pin and 5-pin DMX input/output connections for flexible control system integration.
Precise Pan and Tilt Movement : Delivers fast, smooth, and precise pan and tilt operation for accurate positioning.
Intense Beam Output : Produces an incredibly bright output of 111,000 lux at a distance of 15 meters when in beam mode.
Universal Mounting Bracket : Comes with an Omega mounting bracket that is compatible with all Rogue, Next, and Legend series fixtures.
Dual Overlapping Prisms : Create amazing gobo effects using two independently controllable and stackable prisms, one 6-facet and one 8-facet.
Dual Gobo Wheels : Offers dynamic projection images with two gobo wheels, featuring one rotating and one static wheel.
Variable Zoom Range : Provides variable beam size options with a 2.5° to 8° zoom in beam mode and a 5° to 19° zoom in spot mode.",https://cuesale.com/wp-content/uploads/2026/06/chauvet-rogue-rh1-2.jpg,1,,2,,3,,4,,5,,6,,7
cuesale.com,https://cuesale.com/product/ayrton-perseo-s-profile-ip65-luminaire/,Spot Movinglights,Ayrton Perseo S Profile IP65 Luminaire,8,3495.00,POA,EUR,Ayrton,,"Ayrton Perseo S Profile IP65 Luminaire
Sold as set of 2 including flightcase.
Equipped with a new 500 W ultra-compact monochromatic LED source calibrated at 8000 K, it can deliver metallic white light with an output of 27,400 lumens. Ayrton has specifically developed the optics in Perseo Profile to achieve an optimal resolution-to-performance-to-efficiency ratio. They allow perfect image reproduction and significant improvement from distortion caused by the shutter blades with wide zoom. The optics produce a highly uniform flat beam with no hot spot, achieving a perfect colour mix regardless of the colour combination selected. Fitted with a 148 mm frontal lens, this proprietary system has 13 lenses, delivering an 8:1 zoom ratio and a zoom range of 7 ° to 58 °. Ayrton has endowed this next generation luminaire with a new minimalist design in lighter weight die-cast aluminium, incorporating full weather-proofing features that ensure easy accessibility. For greater efficiency, Perseo Profile is provided with a highly effective phase-change liquid cooling system fitted with six submersible fans located outside the watertight enclosure.
Features : 
POWER SUPPLY
AC100-240 V~, 50/60 Hz
Power Consumption: 800 W
OPTICS
Beam aperture: 7° to 58°
148 mm frontal lens
LIGHT SOURCE
500 W LED white light engine
Colour temperature output:
• Perseo Profile S: 6900 K
CRI:
• Perseo Profile S: > 70
MOVEMENT
Extremely accurate positioning
Moving-head operated via either 8- or 16-bit resolution
High-resolution stepper motors operated via microprocessors to ensure extreme accuracy and smooth movement
Pan and tilt automatic repositioning
Moving head range: 540° (pan), 263° (tilt)
COLOURS
Sophisticated CMY Colour mixing
Variable CTO
Static colour wheel with 6 complimentary colours
GOBOS
Rotating gobo wheel: 7 interchangeable, rotating and indexable, gobo+open
“Slot in & out”gobo wheel system
Static gobo wheel: 11 + open, with different speed gobo shaking and gobo indexing
FRAMING SYSTEM
4 individually shutter blades
Rotation of the module: +/- 90°
IRIS DIAPHRAGM
15-blade iris diaphragm
Range: 15% to 100% open
FROST
2 frost filters: one light, one heavy
PRISMS
2 combinable rotating and indexable prisms
One 5-facet circular, one 4-facet linear
EFFECTS
Focusable graphic animation effect-wheel
Continuous rotation in both directions
DIMMER / STROBE
Electronic dimmer from 0 to 100%
Strobe effect: 1 to 25 flashes per second
HARDWARE FEATURES
Graphic LCD display with flip function
5 menu buttons to set functions
Integrated wireless LumenRadio™ receiver
IP65 XLR 5 pin connectors
IP65 RJ45 connectors
IP65 powerCON TRUE1 TOP connectors
CONTROL
DMX 512 protocol
DMX-RDM compatible
Wireless DMX
Stand-alone mode, local control panel
ArtNet™ & sACN protocol
Choice of 4 DMX modes (from 38 to 61 DMX channels)
COOLING SYSTEM
Advanced liquid cooling system
Selectable ventilation user modes
Excess temperature protection
HOUSING
Skeleton made of aluminium
Base in die-cast aluminium
Heatsinks in aluminium and copper
Moulded covers ABS PC (V0 class)
2-side handles for transportation
4 heavy-duty feet
IP65 protection rating (IP66 optional)
INSTALLATION
2 Omega ¼ turn brackets
4 ¼ turn mounting points
Safety cable attachment point
OPERATING PARAMETERS
Maximum permitted: 45° C (113°F)
Minimum permitted: -20° C (-4°F)
Minimum usage distance: 2 m (6.56 ft)
COMPLIANCE
CE, UKCA, ETL
SIZE
Product: 490 x 710 x 330 mm (l x h x d)
Foam: 655 x 590 x 555 mm (l x h x d)
WEIGHT
Product: 38.8 kg",https://cuesale.com/wp-content/uploads/2026/06/ayrton-perseo-s-4.jpg,1,https://cuesale.com/wp-content/uploads/2026/06/ayrton-perseo-s-6.jpg,2,https://cuesale.com/wp-content/uploads/2026/06/ayrton-perseo-s-5.jpg,3,https://cuesale.com/wp-content/uploads/2026/06/ayrton-perseo-s-3.jpg,4,https://cuesale.com/wp-content/uploads/2026/06/ayrton-perseo-s-7.jpg,5,https://cuesale.com/wp-content/uploads/2026/06/ayrton-perseo-s-8.jpg,6,https://cuesale.com/wp-content/uploads/2026/06/ayrton-perseo-s-2.jpg,7
cuesale.com,https://cuesale.com/product/avolites-tiger-touch-pro-lighting-console/,Consoles (desk),Avolites Tiger Touch Pro Lighting Console,1,1995.00,POA,EUR,,,"Avolites Tiger Touch Pro Lighting Console
The Avolites Tiger Touch Pro represents the perfect combination of maximum power and small size. Small and light enough to fly in standard hold luggage, even in a suitcase if necessary, but with enough power for large complex shows.",https://cuesale.com/wp-content/uploads/2026/06/avolites-tiger-touch-pro-3.jpg,1,https://cuesale.com/wp-content/uploads/2026/06/avolites-tiger-touch-pro-4.jpg,2,https://cuesale.com/wp-content/uploads/2026/06/avolites-tiger-touch-pro-2.jpg,3,https://cuesale.com/wp-content/uploads/2026/06/avolites-tiger-touch-pro-1.jpg,4,https://cuesale.com/wp-content/uploads/2026/06/avolites-tiger-touch-pro-5.jpg,5,,6,,7
cuesale.com,https://cuesale.com/product/allen-heath-gl2200-dual-function-audio-mixing-console/,Analogue Mixing Consoles,Allen & Heath GL2200 Dual Function Audio Mixing Console,1,285.00,POA,EUR,Allen & Heath,,"Allen & Heath GL2200 Dual Function Audio Mixing Console
The Allen & Heath GL2200 mixer is designed for those who demand versatility and reliability in their mixing console. Whether you’re in a bustling live venue or a serene studio environment, this mixer has the flexibility to seamlessly adapt. Its dual front-of-house / monitor mixing mode allows users to switch effortlessly between tasks, making it a true multi-tasker for both live sound and studio recording.
Built with a robust vertical PCB construction, the GL2200 is made to endure the rigors of frequent use in diverse settings such as rental companies, bands, and places of worship. With its 22 or 30 mono channels plus 2 stereo channels, this mixer provides ample connectivity for various audio sources. The inclusion of 4 groups and 6 switchable auxes expands your routing possibilities, while the 4-band EQ with high-pass filter and dedicated mid-band controls ensures precision in your sound shaping.
Musicians and sound engineers alike will appreciate the 100mm faders, providing smooth and precise control over each channel. Additionally, the direct outs and line-up oscillator streamline your setup, making the GL2200 not just a mixer, but an essential tool for achieving that perfect mix with minimal fuss.
Features :
Dual front-of-house / monitor mixing mode
30 mono channels + 2 stereo channels (GL2200-32) or 22 mono channels + 2 stereo channels (GL2200-24)
4 audio groups and 6 auxiliaries sends, switchable pre/post fade
4-band EQ with high-pass filter, separate controls for mid-band sweep and cut/boost
100mm faders for precise control
Direct outs and line-up oscillator for streamlined setup
Individual channel phantom power switches",https://cuesale.com/wp-content/uploads/2026/06/allen-heath-gl2200-2.jpg,1,https://cuesale.com/wp-content/uploads/2026/06/allen-heath-gl2200-3.jpg,2,https://cuesale.com/wp-content/uploads/2026/06/allen-heath-gl2200-4.jpg,3,https://cuesale.com/wp-content/uploads/2026/06/allen-heath-gl2200-5.jpg,4,https://cuesale.com/wp-content/uploads/2026/06/allen-heath-gl2200-1.jpg,5,,6,,7
cuesale.com,https://cuesale.com/product/digico-madi-stage-rack/,Digital Mixing Consoles,Digico Madi Stage Rack,1,1775.00,POA,EUR,Digico,,"Digico Madi Stage Rack
Several units available :
Unit 1 : 48 In / 8 Out
The DiGiCo MaDiRack comes as standard in the SD8 system. The output count can be increased to 24, these can be any combination of:- analogue, AES/EBU or Aviom.",https://cuesale.com/wp-content/uploads/2026/05/digico-madi-racks-2026-1.jpg,1,https://cuesale.com/wp-content/uploads/2026/05/digico-madi-racks-2026-2.jpg,2,,3,,4,,5,,6,,7
cuesale.com,https://cuesale.com/product/digico-digirack-stage-rack/,Digital Mixing Consoles,Digico DigiRack Stage Rack,1,2495.00,POA,EUR,Digico,,"Digico DigiRack Stage Rack
Several units available please select :
Unit 1 : 48 In / 32 Out / 1x AES/EBU card / Optical
Unit 2 : 48 In / 32 Out / 1x AES/EBU card / Optical
Unit 3 : 48 In / 32 Out / 1x AES/EBU card
The DiGiRack is a 9U-high, 19 inch rackmount unit which provides A/D conversion to and from a DiGICo consoles’s DSP and effects engines. One DiGiRack contains 14 slots, with slots 1-7 provided for inputs and slots 8-14 for outputs. Each slot handles eight individual connections, allowing a total of 56 inputs and 56 outputs per rack.",https://cuesale.com/wp-content/uploads/2026/05/digico-digirack-1.jpg,1,https://cuesale.com/wp-content/uploads/2026/05/digico-digirack-2.jpg,2,,3,,4,,5,,6,,7
cuesale.com,https://cuesale.com/product/flightcase-intellipix/,Flightcases,Flightcase Intellipix,7,185.00,POA,EUR,,,"Flightcase Intellipix
Approximately 122 x 60 x 68 cm external dimensions.
Approsimately 118 x 55 x 52 cm internal dimensions.",https://cuesale.com/wp-content/uploads/2026/05/flightcase-intellipix-1.jpg,1,https://cuesale.com/wp-content/uploads/2026/05/flightcase-intellipix-2.jpg,2,https://cuesale.com/wp-content/uploads/2026/05/flightcase-intellipix-3.jpg,3,,4,,5,,6,,7
cuesale.com,https://cuesale.com/product/digico-dmi-a3232-expansion-card/,Sound Accessories,Digico DMI-A3232 Expansion Card,1,395.00,POA,EUR,Digico,,"Digico DMI-A3232 Expansion Card
With the introduction of the DiGiCo 4REA4 came the new DiGiCo A3232 protocol, allowing connection to the portable A168 STAGE for an extra 16 mic pre-amps and 8 outputs per box. The DMI-A3232 allows the addition of up to 4 A168 STAGE boxes to an S-Series console. Each Ethercon port on the card supports up to 32 inputs and 32 outputs, for a total channel count of 64 I/O. The card can be run in cascade mode, meaning 2 A168 STAGE boxes can be connected to each port on the card for a total of 64 inputs and 32 outputs. Redundant mode allows one A168 STAGE to be connected to both ports, providing redundant cabling. The card allows control over phantom power, gain (from +5dB to +60dB) and a 20dB pad for all inputs on all A168 STAGE boxes connected. It also works at both 48kHz and 96kHz.
Features :
2 Ethercon connections
Control over gain, phantom power and pads on all inputs connected
Up to 64 inputs and 32 outputs in cascade mode
Redundant cabling in redundant mode
Works at both 48kHz and 96kHz
Compatible with S-Series",https://cuesale.com/wp-content/uploads/2026/05/digico-dmi-a3232-card-1.jpg,1,https://cuesale.com/wp-content/uploads/2026/05/digico-dmi-a3232-card-2.jpg,2,,3,,4,,5,,6,,7
cuesale.com,https://cuesale.com/product/digico-a168-stage-io-expander/,Sound Accessories,Digico A168 Stage IO Expander,3,1195.00,POA,EUR,Digico,,"Digico A168 Stage IO Expander
Portable 16 input 8 output IO Expander
16 mic/line in and 8 line out I/O Expander, using A3232 network protocol and providing additional I/O anywhere on the network. Up to two A168STAGE can be daisy-chained via A3232, or the second A3232 port can be used to create redundant network.
16 Mic Preamps on XLR with Phantom Power status LEDs
8 XLR Line Outs
Proprietary CAT5e connection via new DiGiCo A3232 protocol
2 x A3232 Port for expansion or redundancy",https://cuesale.com/wp-content/uploads/2026/05/digico-a168-stage-1.jpg,1,https://cuesale.com/wp-content/uploads/2026/05/digico-a168-stage-2.jpg,2,,3,,4,,5,,6,,7
cuesale.com,https://cuesale.com/product/flip-case-for-digico-sd5-digital-mixing-console/,Flightcases,Flip Case for Digico SD5 Digital Mixing Console,1,2495.00,POA,EUR,Digico,,"Flip Case for Digico SD5 Digital Mixing Console
In excellent condition. Digico SD5 available here.",https://cuesale.com/wp-content/uploads/2026/05/digico-sd5-flip-case-3.jpg,1,https://cuesale.com/wp-content/uploads/2026/05/digico-sd5-flip-case-4.jpg,2,https://cuesale.com/wp-content/uploads/2026/05/digico-sd5-flip-case-2.jpg,3,https://cuesale.com/wp-content/uploads/2026/05/digico-sd5-flip-case-1.jpg,4,,5,,6,,7
cuesale.com,https://cuesale.com/product/digico-sd5-digital-mixing-console/,Digital Mixing Consoles,Digico SD5 Digital Mixing Console,1,20995.00,POA,EUR,Digico,,"Digico SD5 Digital Mixing Console
Two units available, please select :
Including Waves option card
Standard
Includes standard flightcase. We also have a flip case for the SD5.
Just as the iconic D5 Live once fuelled the growth of digital mixing, now the DiGiCo SD5 adds the immense power of Stealth Digital Processing and floating-point Super FPGA technology to the feature set that changed the world of professional audio.
A total of 37 faders are laid out in three easy-to-operate banks of 12 with one master fader plus three 15-inch full colour TFT touchscreens for immediate access to functions and multi-user applications. Two Interactive Dynamic Metering (IDM) displays offer the same at-a-glance operation as the SD7, while the centrally located master screen is incorporated into the meter-bridge, so the engineer’s attention remains where it belongs – on the artist.
With the SD5, you define the workflow: recall or save presets on the channel strip; recall or save snapshots using the master screen or simply use the dedicated switches on the surface. Special functions can be assigned and accessed instantly via 40 Smart Key Macros, accessed via four layers of 10 RGB backlit keys.
Under The Hood
With up to 253 processing channels at 48kHz/96kHz, the SD5 is reassuringly powerful. Standard channel processing across inputs and outputs includes Channel Delay, Single and Multi-Channel Presets, Hi- and Lo-pass filters @ 24dB/octave, four-band parametric EQ (eight on the outputs) with band curve selection, Dual insert points, and DiGiCo’s renowned DYN 1 (Compressor, De-esser or Multiband Compressor) and DYN 2 (Gate, Compressor or Ducker).
In addition, 253 Dynamic EQ processors are available on any input or output channel, delivering dynamic processing over the four standard parametric bands, plus 253 Multiband Compressors and 253 DiGiTuBes. All channels deliver the same pure signal path and feature set, so no matter how you set up your console, you never lose any resources. Within the master section are 32 gangable 32 band graphic EQs, 32 stereo effects (selectable from a palette of 33), and 36 control groups (VCAs). Using snapshots, engineers can switch between complete configurations at a touch.
In addition, the SD5’s 128 configurable busses are all assignable as mono/stereo groups or auxiliary busses, while even more configurability comes courtesy of a 24 x 24 output matrix, dual solo busses, and an LR/LCR/5.1 Master Buss. Unlike all other digital console manufacturers, you don’t lose Aux or Group Busses when using the Matrix as they are in addition, including the Master buss.
I/O
The rear of the SD5 houses a wealth of I/O, including eight mic inputs, eight line outputs, eight mono AES I/O, four redundant MADI ports, and one Optocore loop. This equates to an incredible 1,264 I/O connections on a single optic loop with just one work surface.
Get instant access to 32 fully integrated low-latency Waves stereo MultiRacks, each with up to eight plug-ins per rack, by fitting an optional DiGiCo SoundGrid module linked to external SoundGrid or DiGiGrid servers, giving a total of 128 additional I/O.",https://cuesale.com/wp-content/uploads/2026/05/digico-sd5-standard-case-1.jpg,1,,2,,3,,4,,5,,6,,7
cuesale.com,https://cuesale.com/product/flightcase-clay-paky-alpha-spot-800/,Flightcases,Flightcase Clay Paky Alpha Spot 800,2,165.00,POA,EUR,,,"Flightcase Clay Paky Alpha Spot 800
Approximately 108 x 47 x 77 cm external measurements",https://cuesale.com/wp-content/uploads/2026/05/fc-alpha-spot-800-1.jpg,1,https://cuesale.com/wp-content/uploads/2026/05/fc-alpha-spot-800-2.jpg,2,,3,,4,,5,,6,,7
cuesale.com,https://cuesale.com/product/flightcase-139/,Flightcases,Flightcase 139,1,135.00,POA,EUR,,,"Flightcase 139
Approximately 139 x 54 x 23 cm external dimensions.",https://cuesale.com/wp-content/uploads/2026/04/flightcase-139-1.jpg,1,https://cuesale.com/wp-content/uploads/2026/04/flightcase-139-4.jpg,2,https://cuesale.com/wp-content/uploads/2026/04/flightcase-139-2.jpg,3,https://cuesale.com/wp-content/uploads/2026/04/flightcase-139-3.jpg,4,,5,,6,,7
cuesale.com,https://cuesale.com/product/pioneer-plx1000-direct-drive-turntable/,Others,Pioneer PLX1000 Direct Drive Turntable,2,545.00,POA,EUR,Pioneer,,"Pioneer PLX1000 Direct Drive Turntable
Including Concorde element and needle
The PLX-1000 is precision engineered for the booth, drawing on 50 years’ experience of making high-end turntables. The result is a familiar layout with some next generation improvements, including a high-torque direct drive system, multi-pitch control, club-grade build and sound quality, and detachable power and audio cables.",https://cuesale.com/wp-content/uploads/2026/04/pioneer-plx1000-2.jpg,1,https://cuesale.com/wp-content/uploads/2026/04/pioneer-plx1000-3.jpg,2,https://cuesale.com/wp-content/uploads/2026/04/pioneer-plx1000-1.jpg,3,,4,,5,,6,,7
cuesale.com,https://cuesale.com/product/digico-sd9-digital-mixing-console-core2/,Digital Mixing Consoles,Digico SD9 Digital Mixing Console core2,3,4495.00,POA,EUR,Digico,,"Digico SD9 Digital Mixing Console (CORE 2 update)
Compact in size but big on features, the DiGiCo SD9 brings the strength of Stealth Digital Processing and floating point Super FPGA technology to an exceptionally accessible price point. Coupling the speed and efficiency of DiGiCo’s renowned workflow to the lightweight, small-footprint construction of a desk that fits every application, the fully integrated SD9 is as effective on the road as it is in a theatre, conference centre or house of worship.
Built for efficient and familiar operation, the SD9 work surface puts 24 touch-sensitive, motorised faders at your fingertips plus quick access function buttons within easy reach. A 15-inch, high resolution backlit TFT LCD touchscreen provides ease-of-use and at a glance operation, while dedicated multi-function control knobs and electronic labelling ensures the show is always a success. Welcome to the SD9 – your introduction to extraordinary high-end performance.
Features :
96 Input Channels
48 Aux / Sub-Group Busses
LR/LCR Master Buss
12 x 8 Full Processing Matrix
155 Dynamic Equalizers
48/96kHz Sample Rate",https://cuesale.com/wp-content/uploads/2025/04/digico-sd9-4-2026-4.jpg,1,https://cuesale.com/wp-content/uploads/2025/04/digico-sd9-4-2026-3.jpg,2,https://cuesale.com/wp-content/uploads/2025/04/digico-sd9-4-2026-5.jpg,3,https://cuesale.com/wp-content/uploads/2023/03/Digico-SD9-10.jpg,4,https://cuesale.com/wp-content/uploads/2023/03/Digico-SD9-9.jpg,5,https://cuesale.com/wp-content/uploads/2023/11/digico-sd9-4-2025-6-scaled.jpg,6,https://cuesale.com/wp-content/uploads/2025/04/digico-sd9-4-2026-1.jpg,7
cuesale.com,https://cuesale.com/product/flightcase-sgr5-13/,Flightcases,Flightcase SGR5-13,1,275.00,POA,EUR,,,"Flightcase SGR5-13
Approximately 63 x 73 x 126 cm external dimensions.
5U & 13U stacked.",https://cuesale.com/wp-content/uploads/2026/04/flightcase-sgr5-13-2.jpg,1,https://cuesale.com/wp-content/uploads/2026/04/flightcase-sgr5-13-1.jpg,2,,3,,4,,5,,6,,7
cuesale.com,https://cuesale.com/product/flightcase-r6/,Flightcases,Flightcase R6,1,95.00,POA,EUR,,,"Flightcase R6
Approximately 54 x 71 x 32 cm external dimensions.
6U",https://cuesale.com/wp-content/uploads/2026/04/flightcase-R6-1.jpg,1,https://cuesale.com/wp-content/uploads/2026/04/flightcase-R6-2.jpg,2,,3,,4,,5,,6,,7
cuesale.com,https://cuesale.com/product/flightcase-gr14/,Flightcases,Flightcase GR14,1,245.00,POA,EUR,,,"Flightcase GR14
Approximately 66 x 68 x 92 cm external dimensions.
14U",https://cuesale.com/wp-content/uploads/2026/04/flightcase-gr14-3st-1.jpg,1,https://cuesale.com/wp-content/uploads/2026/04/flightcase-gr14-3st-2.jpg,2,,3,,4,,5,,6,,7
cuesale.com,https://cuesale.com/product/audio-technica-es933-ml-condenser-hanging-microphone/,Wired Microphone,Audio-Technica ES933/ML Condenser Hanging Microphone,1,195.00,POA,EUR,,,"Audio-Technica ES933/ML Condenser Hanging Microphone
With durable construction and low-profile appearance, the ES933/ML offers versatile sound-reinforcement solutions for speech, theater, orchestra and choir sound reinforcement and recording. The microphone’s low-profile element provides a narrow MicroLine® polar pattern with 90º acceptance angle.
Specifications :
ELEMENT : Fixed-charge back plate permanently polarized condenser
POLAR PATTERN : MicroLine®
FREQUENCY RESPONSE : 30-20,000 Hz
LOW-FREQUENCY ROLL-OFF : 80 Hz, 12 dB/octave
OPEN CIRCUIT SENSITIVITY : -35 dB (17.7 mV) re 1V at 1 Pa
IMPEDANCE : 250 Ω (1000 Ω without power module)
MAXIMUM INPUT SOUND LEVEL : 133 dB SPL, 1 kHz at 1% T.H.D.
DYNAMIC RANGE (typical) : 107 dB, 1 kHz at Max SPL
SIGNAL-TO-NOISE RATIO : 68 dB, 1 kHz at 1Pa
SWITCHES : Flat response, low-roll-off
PHANTOM POWER REQUIREMENTS : 11-52V DC, 4 mA typical
OUTPUT CONNECTOR : Integral 3-pin XLRM-type
CABLE : 15.2m – long, 3.2 mm – diameter",https://cuesale.com/wp-content/uploads/2026/04/audiotechnica-es933ml-at8536-1.jpg,1,https://cuesale.com/wp-content/uploads/2026/04/audiotechnica-es933ml-extras-1.jpg,2,https://cuesale.com/wp-content/uploads/2026/04/audiotechnica-es933ml-at8536-2.jpg,3,,4,,5,,6,,7
cuesale.com,https://cuesale.com/product/crown-pzm-6d-hemispherical-boundary-layer-microphone/,Wired Microphone,Crown PZM-6D Hemispherical Boundary Layer Microphone,3,195.00,POA,EUR,Crown,,"Crown PZM-6D Hemispherical Boundary Layer Microphone
The PZM6 D high-performance hemispherical boundary layer microphone is designed for many applications, from miking full orchestras or individual musical instruments to security or teleconferencing, as well as film and video productions.
Specifications : 
Type: Pressure Zone Microphone.
Transducer: Electret condenser.
Frequency response: 20 Hz to 20 kHz.
Polar pattern: Hemispherical when used on a floor, wall or ceiling.
Open circuit sensitivity: 7 mV/Pa* (–43 dB re 1 volt/Pa).
Power sensitivity: –43 dB re 1 mW/Pa. EIA sensitivity: –135 dBm.
Impedance: 240 ohms, balanced. Recommended minimum load impedance 1000 ohms.
Self-Noise: 20 dB equivalent sound pressure level, A-weighted.
S/N ratio: 74 dB at 94 dB SPL.
Maximum Sound Pressure Level: 150 dB SPL at the microphone produces 3% THD.
Polarity: Positive pressure on the diaphragm produces positive voltage on pin 2 with respect to pin 3 of the output connector.
Operating voltage: Phantom power, 12-48 volts DC, positive voltage on pins 2 and 3 with respect to pin 1 of the output connector.
Current drain: 1.1 mA.
Cable: Permanently attached 15-foot (4.58-m) black cable with an XLRM connector.
Switch: Frequency-response select switch for rising or flat response.
Color: Black.
Dimensions: 3-in. x 2.5-in. x .375-in. (7.62-cm x 6.35-cm x .95-cm).",https://cuesale.com/wp-content/uploads/2026/04/crown-pzm-6d-1.jpg,1,,2,,3,,4,,5,,6,,7
cuesale.com,https://cuesale.com/product/flightcase-gr8/,Flightcases,Flightcase GR8,2,225.00,POA,EUR,,,"Flightcase GR8
Approximately 58 x 78 x 68 cm external dimensions.
8U",https://cuesale.com/wp-content/uploads/2026/04/flightcase-gr8-1.jpg,1,https://cuesale.com/wp-content/uploads/2026/04/flightcase-gr8-2.jpg,2,,3,,4,,5,,6,,7
cuesale.com,https://cuesale.com/product/david-gage-the-realist/,Wired Microphone,David Gage The Realist,1,135.00,POA,EUR,,,"David Gage The Realist
To overcome the limitations of microphones and traditional piezo transducers, Realist pickups read off of the instrument’s tone-producing structures. On most instruments, tone is produced by a resonating “top” or “table.” Using piezo ceramics encased in a thin copper element, The Realist is pressed tightly against the instrument’s table, giving it the ability to sense every nuance of the tone produced there. The Realist focuses on the core of the instrument’s sound to bring you a tone that can only be described as “the most real.”
The Realist is simple. The element is wired directly to a gold-plated output jack, providing virtually lossless conduction of the piezo’s signal. Colored and textured with the acoustic quality of the instrument, The Realist’s signal need not be run through a pre-amp. Plugged directly into an amp or soundboard, The Realist is easily amplified without sacrificing natural acoustic color. It takes hours of practice to draw your sound out of your instrument—with The Realist, your voice can be heard more accurately through an amplifier. Both recording engineers and professional musicians have been astonished by The Realist’s tone and response when installed on instruments that are plucked, bowed, or strummed.
Finally, you can play your instrument as you normally would, without having to stop and adjust your amp.",https://cuesale.com/wp-content/uploads/2026/04/the-realist-r28714-acoustic-transducer-1.jpg,1,https://cuesale.com/wp-content/uploads/2026/04/the-realist-r28714-acoustic-transducer-2.jpg,2,,3,,4,,5,,6,,7
cuesale.com,https://cuesale.com/product/rode-nt5-premium-small-diaphragm-condenser-microphone/,Wired Microphone,Røde NT5 Premium Small-diaphragm Condenser Microphone,2,115.00,POA,EUR,,,"Røde NT5 Premium Small-diaphragm Condenser Microphone
The NT5 is a premium small-diaphragm condenser microphone designed for critical recording applications. Featuring a 1/2-inch gold-sputtered cardioid condenser capsule, it delivers a smooth, balanced sound with very low self-noise. Its exceptionally accurate cardioid polar pattern and wide frequency response make the NT5 ideal for recording everything from acoustic instruments to drum overheads and cymbals to live performances and dialogue on-location.
Specifications : 
Acoustic Principle : Pressure gradient
Polar Pattern : Cardioid
Frequency Range : 20Hz – 20kHz
Sensitivity : -38 dBV (12 mV @ 94 dB SPL)
Output Impedance : 100Ω
Equivalent Noise Level (A-Weighted) : 16dBA
Maximum SPL : 143 dB SPL
Power Requirements : P48 phantom power
Analog Outputs : 3 pin XLR, balanced output between Pin2 (+), Pin 3 (-) and Pin 1 (ground)
Output Connection : XLR",https://cuesale.com/wp-content/uploads/2026/04/rode-nt5-condenser-microphone-1.jpg,1,https://cuesale.com/wp-content/uploads/2026/04/rode-nt5-condenser-microphone-2.jpg,2,,3,,4,,5,,6,,7
cuesale.com,https://cuesale.com/product/sennheiser-e602-ii-cardioid-instrument-microphone/,Wired Microphone,Sennheiser E602-II Cardioid Instrument Microphone,1,95.00,POA,EUR,Sennheiser,,"Sennheiser E602-II Cardioid Instrument Microphone
Cardioid instrument microphone especially suitable for use with bass drums, bass guitar cabs and tubas. Solid, lightweight, and easy to position. For studios, clubs, rehearsal rooms, smaller gigs, or for home recording.
Features :
Rugged, lightweight aluminium body for stable positioning on long microphone boom arms
Lightweight high-performance voice coil construction
Fast transient response
Low frequency extension
Ideal for direct use on the most problematic bass signal
Frequency-independent directivity provides isolation from other on-stage signals
Humbucking coil
Integral stand mount",https://cuesale.com/wp-content/uploads/2026/04/sennheiser-e602-ii-1.jpg,1,https://cuesale.com/wp-content/uploads/2026/04/sennheiser-e602-ii-2.jpg,2,,3,,4,,5,,6,,7
cuesale.com,https://cuesale.com/product/shure-ksm9-condenser-vocal-microphone/,Wired Microphone,Shure KSM9 Condenser Vocal Microphone,1,395.00,POA,EUR,Shure,,"Shure KSM9 Condenser Vocal Microphone
The KSM9 is a premium vocal condenser microphone that captures vocal subtlety with extraordinary detail to deliver clear articulation, functional flexibility, and precise vocal reproduction for live performance.
Engineered to exacting standards, the KSM9 reveals nuance and subtlety in a microphone optimized for the most demanding live environments. With its dual diaphragm design and switchable polar patterns (supercardioid/cardioid), the KSM9 is the choice for the world’s most accomplished vocal performances.",https://cuesale.com/wp-content/uploads/2026/04/shure-ksm9-1.jpg,1,https://cuesale.com/wp-content/uploads/2026/04/shure-ksm9-2.jpg,2,,3,,4,,5,,6,,7
cuesale.com,https://cuesale.com/product/flightcase-allen-heath-c3500/,Flightcases,Flightcase Allen & Heath C3500,1,245.00,POA,EUR,,,"Flightcase Allen & Heath C3500
Approximately 95 x 80 x 42 cm external dimensions.
Previously used to house an Allen & Heath C3500.",https://cuesale.com/wp-content/uploads/2026/04/flightcase-c3500-hugo-1.jpg,1,https://cuesale.com/wp-content/uploads/2026/04/flightcase-c3500-hugo-2.jpg,2,https://cuesale.com/wp-content/uploads/2026/04/flightcase-c3500-hugo-3.jpg,3,https://cuesale.com/wp-content/uploads/2026/04/flightcase-c3500-hugo-4.jpg,4,,5,,6,,7
cuesale.com,https://cuesale.com/product/flightcase-sbr15/,Flightcases,Flightcase SBR15,1,245.00,POA,EUR,,,"Flightcase SBR15
Approximately 60 x 60 x 89 cm external dimensions.
15U",https://cuesale.com/wp-content/uploads/2026/04/flightcase-sbr15-3.jpg,1,https://cuesale.com/wp-content/uploads/2026/04/flightcase-sbr15-2.jpg,2,https://cuesale.com/wp-content/uploads/2026/04/flightcase-sbr15-1.jpg,3,,4,,5,,6,,7
cuesale.com,https://cuesale.com/product/flightcase-sb14/,Flightcases,Flightcase SB14,1,265.00,POA,EUR,,,"Flightcase SB14
Approximately 59 x 52 x 88 cm external dimensions.
14U",https://cuesale.com/wp-content/uploads/2026/04/flightcase-sb14-2.jpg,1,https://cuesale.com/wp-content/uploads/2026/04/flightcase-sb14-1.jpg,2,,3,,4,,5,,6,,7
cuesale.com,https://cuesale.com/product/shure-ulxd4-ulxd1-k51-set/,Wireless Microphone,Shure ULXD4 ULXD1 K51 Set,1,795.00,POA,EUR,Shure,,"Shure ULXD4 ULXD1 K51 Set
K51 frequency band : 606-670 MHz
Shure ULXD4 : 
Intelligent single-channel digital wireless receiver for use in demanding corporate, education, and performance environments. Features a 64 MHz tuning range (region dependent), extensive antenna and spectrum options and AES-256 encryption.
Shure ULXD1 : 
The ULXD1 is a wireless bodypack transmitter compatible with ULX-D Digital Wireless Systems. With a rugged yet lightweight aluminum case, the ULXD1 delivers uncompromising audio quality and RF performance, AES 256-bit encryption for secure transmission, and advanced rechargeability options for professional sound reinforcement applications.",https://cuesale.com/wp-content/uploads/2026/03/shure-ulxd4-ulxd1-K51-1.jpg,1,https://cuesale.com/wp-content/uploads/2026/03/shure-ulxd4-ulxd1-K51-2.jpg,2,,3,,4,,5,,6,,7
cuesale.com,https://cuesale.com/product/shure-ulxd4-ulxd2-beta58a-k51-set/,Wireless Microphone,Shure ULXD4 ULXD2 Beta58a K51 Set,1,POA,POA,EUR,Shure,,"Shure ULXD4 ULXD2 Beta58a K51 Set
Multiple sets available, please select – see pictures for details.
K51 frequency band : 606-670 MHz
Shure ULXD4 : 
Intelligent single-channel digital wireless receiver for use in demanding corporate, education, and performance environments. Features a 64 MHz tuning range (region dependent), extensive antenna and spectrum options and AES-256 encryption.
Shure ULXD2 : 
The Shure ULXD2 is a handheld wireless transmitter compatible with ULX-D Digital Wireless Systems. With a rugged yet lightweight aluminum body and integrated antenna, the ULXD2 delivers uncompromising audio quality and RF performance, AES 256-bit encryption for secure transmission, and advanced rechargeability options for professional sound reinforcement applications.
Shure Beta58a :
The Shure BETA 58A® is a high-output supercardioid dynamic vocal microphone designed for professional sound reinforcement and project studio recording. It has become a leading choice among vocalists and touring professionals worldwide.
The Beta 58A maintains a true supercardioid pattern throughout its frequency range. The Beta 58A has a shaped frequency response that is ideal for close-up vocals. The superb performance of this microphone is not affected by rough handling because of its rugged construction, proven shock mount system, and hardened steel mesh grille.",https://cuesale.com/wp-content/uploads/2026/03/shure-ulxd4-ulxd2-beta58a-K51-set-2-1.jpg,1,https://cuesale.com/wp-content/uploads/2026/03/shure-ulxd4-ulxd2-beta58a-K51-set-2-2.jpg,2,,3,,4,,5,,6,,7
cuesale.com,https://cuesale.com/product/mark-mbar-bat-144wi-lighting-bar/,Static LED fixtures,Mark MBAR BAT 144WI Lighting Bar,48,225.00,POA,EUR,,,"Mark MBAR BAT 144WI Lighting Bar
Flightcase included when buying 4 pcs.
MBAR BAT 144 WI is a lighting bar which includes 12x 12W RGBWA+UV (6 in 1) LEDs. These brilliant LEDs allow to obtain a rich colour spectrum mixing the red, green, blue, white, amber and ultraviolet colours.
The configuration interface has a display with all the information and buttons to navigate through menus, selecting parameters such as: manual level of each colour, strobe or inner effects.
The device includes DMX mode (6 and 10 channels) with individual colour dimming, built-in effects and strobe function.
As additional and important functions, it is possible to control the device through Wireless DMX (using an external controller) and infrared (IR), thanks to the included remote controller.
Features : 
Power Supply : 90-240 V 50/60 Hz
Consumption : 144 W
Light source : 12x12W RGBWA+UV (6 in1) LEDs
Dimmer : 0-100 Linear Adjustment
Beam angle : 40º
DMX Channels : 6 and 10 channels
Mode : DMX 512 /Audio/Auto/Manual/Master-Slave
Control methods : DMX wireless & IR controller
Input connections : 3 pin XLR
Output connections : 3 pin XLR
Dimensions (WxHxD) : 1000 x 82 x 155 mm
Weight : 10 Kg",https://cuesale.com/wp-content/uploads/2026/03/mark-mbar-bat-144wi-3.jpg,1,https://cuesale.com/wp-content/uploads/2026/03/mark-mbar-bat-144wi-4.jpg,2,https://cuesale.com/wp-content/uploads/2026/03/mark-mbar-bat-144wi-5.jpg,3,https://cuesale.com/wp-content/uploads/2026/03/mark-mbar-bat-144wi-6.jpg,4,https://cuesale.com/wp-content/uploads/2026/03/mark-mbar-bat-144wi-2.jpg,5,https://cuesale.com/wp-content/uploads/2026/03/mark-mbar-bat-144wi-1.jpg,6,,7
cuesale.com,https://cuesale.com/product/flightcase-sdv10/,Flightcases,Flightcase SDV10,3,235.00,POA,EUR,,,"Flightcase SDV10
Approximately 60 x 60 x 80 external measurements.
10U",https://cuesale.com/wp-content/uploads/2026/03/flightcase-sdv10-1.jpg,1,https://cuesale.com/wp-content/uploads/2026/03/flightcase-sdv10-2.jpg,2,https://cuesale.com/wp-content/uploads/2026/03/flightcase-sdv10-3.jpg,3,https://cuesale.com/wp-content/uploads/2026/03/flightcase-sdv10-4.jpg,4,,5,,6,,7
cuesale.com,https://cuesale.com/product/display-shield-weather-proof-display-enclosure/,Video Accessories,Display Shield Weather Proof Display Enclosure,3,155.00,POA,EUR,,,"Display Shield Weather Proof Display Enclosure
Fits 44″-50″ displays, includes fan. Some holes were drilled and might need re-sealing.
Call for shipping options.
Features:
Entire rainproof unit sealed to defend digital monitor against moisture intrusion and water damage, using our ExactSeal sealing system
Shatter-resistant anti-glare front panel (anti-glare is produced with PEC’s proprietary anti-glare coating process) – the front panel is secured with custom security screws that require a specific tool to remove
Windproof back housing manufactured with outdoor plastics that fortifies the TV or display against impact
Two louvered vents with bug and moisture screen that prevent heat buildup and bug intrusion which could fry your monitor
Rounded corners for child safety and hazard prevention in institutional environments
Lightweight and easy to install
Universal design- Works with any standard VESA mount
The Display Shield is a unique and patented design",https://cuesale.com/wp-content/uploads/2026/03/display-shield-130cm-1-1.jpg,1,https://cuesale.com/wp-content/uploads/2026/03/display-shield-3.jpg,2,https://cuesale.com/wp-content/uploads/2026/03/display-shield-130cm-1.jpg,3,,4,,5,,6,,7
cuesale.com,https://cuesale.com/product/rcf-tts15-a-active-subwoofer/,Sub Cabinet (Active),RCF TTS15-A Active Subwoofer,2,1495.00,POA,EUR,RCF,,"RCF TTS15-A Active Subwoofer
The RCF TTS 15-A is a compact, high output subwoofer module ideal in combination with TT+ two way touring systems. The RCF TTS 15-A features low weight for easy handling, weatherproof cabinet, a 15” woofer powered by a 1100 watt RMS SMPS class-D Amplifier with full DSP and RDNet network capabilitie.
Features :
134 dB SPL Max
40-400 Hz Frequency Range
1 x 15″ woofer
DSP Controlled Input Section with selectable presets (e.g.cardioid)
1100W RMS Class-D Amplifier
RDNet remote monitoring and control
Vertical and horizontal placement with M20 pole receptacle on top and side
Baltic Birch Cabinet",https://cuesale.com/wp-content/uploads/2026/03/rcf-tts15-a-2.jpg,1,https://cuesale.com/wp-content/uploads/2026/03/rcf-tts15-a-1.jpg,2,https://cuesale.com/wp-content/uploads/2026/03/rcf-tts15-a-3.jpg,3,,4,,5,,6,,7
cuesale.com,https://cuesale.com/product/robert-juliat-topaze-msd1200-follow-spot/,Followspots,Robert Juliat Topaze MSD1200 Follow Spot,2,1395.00,POA,EUR,Robert Juliat,,"Robert Juliat Topaze MSD1200 Follow Spot
Package includes : 
1x Robert Juliat Topaze MSD1200 Follow Spot
1x Ballast
1x Manfrotto tripod stand with swivel adapter
Topaze 1200 MSD followspots combine a powerful output within an economical package, both in initial expenditure and running costs.
Topaze use a long lamp life and provide a cost-effective solution for mid-size theatres, shows and rental companies alike. The full range of features on these units brings Robert Juliat quality within reach of all budgets.
Specifications : 
Light source : Philips MSD1200
Lumen : 92000lm
Colour temperature : 6000K
Range : 7° to 14.5° (Field angle)
Focal length : 283 – 589 mm",https://cuesale.com/wp-content/uploads/2026/03/robert-juliat-topaze-msd1200-3.jpg,1,https://cuesale.com/wp-content/uploads/2026/03/robert-juliat-topaze-msd1200-4.jpg,2,https://cuesale.com/wp-content/uploads/2026/03/robert-juliat-topaze-msd1200-5.jpg,3,https://cuesale.com/wp-content/uploads/2026/03/robert-juliat-topaze-msd1200-2.jpg,4,https://cuesale.com/wp-content/uploads/2026/03/robert-juliat-topaze-msd1200-1.jpg,5,,6,,7
cuesale.com,https://cuesale.com/product/rcf-tts28a-subwoofer/,Sub Cabinet (Active),RCF TTS28a Subwoofer,8,1895.00,POA,EUR,RCF,,"RCF TTS28a Subwoofer
Includes cover.
RCF’s TTS28-A is a reference, high output, 2 x 18″ bass reflex subwoofer module ideal for touring applications. With the digital switching amplifiers, neodymium woofers and well designed structure, it is one of the smallest and lightest double 18″ systems available.
A unique feature is the semi charged horn design which at low frequencies around 40 Hz operates as a conventional bass reflex cabinet. However at slightly higher frequencies in the 80 to 100 Hz area, the system operates as a semi charged horn loaded design which provides around 3 to 4 dB more efficiency.
Specifications : 
Acoustical
Frequency Response -3 dB: 30 Hz ÷ 110 kHz
Max SPL: 139 dB
Woofer: 2 x 18″ neo, 100 mm voice coil
Input/Output Section
Input signal: Bal/unbal
Input connectors: Stereo XLR
Output connectors: Stereo XLR
Input sensitivity: – 2 dBu / +4 dBu
Processor Section
Crossover frequencies: 80 Hz/110 Hz
Protections: Thermal
Limiter: Fast limiter
Controls: 80/110 add crossover phase
Amplifier
Total power: Switching 2000 Watts
Low frequencies: D/2000 Watts
Cooling: Convection
Connections: Powercon in/out
Cabinet
Cabinet Material: Baltic birch
Hardware: Fittings ready
Handles: 6 on side
Pole Mount/Cap: Yes
Colour: Black
Physical
Height: 700 / 27.56 mm/inch
Width: 700 / 27.56 mm/inch
Depth: 920 / 36.22 mm/inch
Net Weight: 73 / 160.6 Kg/Lbs",https://cuesale.com/wp-content/uploads/2026/03/rcf-tts28a-2.jpg,1,https://cuesale.com/wp-content/uploads/2026/03/rcf-tts28a-3.jpg,2,https://cuesale.com/wp-content/uploads/2026/03/rcf-tts28a-4.jpg,3,https://cuesale.com/wp-content/uploads/2026/03/rcf-tts28a-1.jpg,4,,5,,6,,7
cuesale.com,https://cuesale.com/product/prolights-smart-battenq-uplighter/,Static LED fixtures,Prolights Smart BattenQ Uplighter,50,185.00,POA,EUR,,,"Prolights Smart BattenQ Uplighter
Flightcase and charge box included when buying 10 pcs.
SMARTBATTENQ is a portable battery-powered uplighter designed as accent luminaire for all kind of events. SMARTBATTENQ is equipped with a lithium battery pack and a built-in WiFi module for cable-free operation. The ultra- compact and lightweight design makes this projector truly portable and rechargeable countless times without “memory effect “. The internal battery has an autonomy for 12 hours in color change mode and up to 8 hours in full output, while the charging time is only 5 hours. The light source is
composed of 4x8W high-power RGBW LEDs / fullcolor for a color calibration in the full-spectrum and the extractable foot allows you to adjust the angle of the beam to assist tracking operations.
Specifications : 
Light source and optics
4x10W RGBW/FC LED
Lux @ 3 m: 880
Energy-saving LEDs featuring more vivid colours and lower power consumption compared to traditional lamps
Colour synthesis: RGBW/FC color mixing (>16 million colours) for a limitless colour range
White temperature presets: 3200K~10000K
Beam angle: 15°
Field angle: 33°
LEDs average life span: >50’000 h
Electronics and features :
Several DMX selectable configurations (4, 6, 8, 14 channels) for advanced or basic controlling
4 channels: RGBW
6 channels: dimmer, RGBW, strobe
8 channels: RGBW1, RGBW2
14 channels: dimmer, RGBW1, RGBW2, strobe
WDMX: Built-in Wifi receiver
IR controller: infra-red sensor controlled by remote
4 char LED display user interface for auto programs execution, static colour mode, creation of custom shows
4 different dimming curves available
Auto mode: built-in programs with execution speed adjustment
Manual color mode: manual adjustment of color
Static colour mode: selection of static colour
Sound mode: music activation through internal microphone, sensitivity control
Master/Slave mode for stand-alone operations of more units
Linear and “stepless” transition between DMX values
Flicker free operations (400Hz)
Silent operations, due to natural cooling of the peculiar chassis and to absence of fans",https://cuesale.com/wp-content/uploads/2026/03/prolights-smart-battenq-3.jpg,1,https://cuesale.com/wp-content/uploads/2026/03/prolights-smart-battenq-4.jpg,2,https://cuesale.com/wp-content/uploads/2026/03/prolights-smart-battenq-2.jpg,3,https://cuesale.com/wp-content/uploads/2026/03/prolights-smart-battenq-1.jpg,4,,5,,6,,7
cuesale.com,https://cuesale.com/product/dedolight-felloni-2-daylight-set/,Studio lighting (softbox),Dedolight Tecpro Felloni 2 Daylight Set,4,595.00,POA,EUR,,,"Dedolight Felloni 2 Daylight Set
Set consists of : 
2x Dedolight Felloni 2 Tecpro 50° High Output Daylight LED Panel
2x Standard manual dimmer
2x DMX Module
2x Cable for remote mounting of the control panel
2x Foldable softbox
2x Power cable
2x V-Lock adapter
1x Flightcase
This Dedolight Felloni Tecpro 50° High Output Daylight LED Light runs on 576 LEDs and has a flood beam angle which gives lots of coverage at close range. Nearly doubling the amount of LEDs enables the Felloni to produce nearly double the output as compared to the Standard Version. If you need a broad even light to establish a base light level on set, or require a fill light or light for a large subject, the Felloni Techpro 50° High Output; is for you. The 1 x 1′, 4.4 lb panel is virtually heat-free, so you can squeeze it into places where other lights just can’t go without worrying about harming the talent.",https://cuesale.com/wp-content/uploads/2026/03/felloni2-TP-LONI2-BI50HO-2.jpg,1,https://cuesale.com/wp-content/uploads/2026/03/felloni2-TP-LONI2-BI50HO-1.jpg,2,https://cuesale.com/wp-content/uploads/2026/03/felloni2-TP-LONI2-BI50HO-3.jpg,3,https://cuesale.com/wp-content/uploads/2026/03/felloni2-TP-LONI2-BI50HO-4.jpg,4,,5,,6,,7
cuesale.com,https://cuesale.com/product/adamson-spektrix-rigging-system/,Sound Accessories,Adamson SpekTrix Rigging System,2,1395.00,POA,EUR,,,"Adamson SpekTrix Rigging System
Flightcase contains 2 fly-frames with accessories.
The AIR™ rigging system is simple and effective, consisting of a laser-cut revolving disk allowing for 3 splay positions.
Array positioning of zero through five degrees per enclosure can be set without the use of any additional hardware using the built-in AIR™system. Six precise rigging angles on logarithmic increments are implemented by the insertion of stainless steel push pin into precision machined sliding bars that extend from their home position to link the rear of the enclosures.",https://cuesale.com/wp-content/uploads/2026/03/adamson-spektrix-frame-1.jpg,1,https://cuesale.com/wp-content/uploads/2026/03/adamson-spektrix-frame-2.jpg,2,,3,,4,,5,,6,,7
cuesale.com,https://cuesale.com/product/beyer-dynamic-tg1000-set/,Wireless Microphone,Beyer Dynamic TG1000 Set,3,995.00,POA,EUR,BeyerDynamic,,"Beyer Dynamic TG1000 Set
Set consists of :
1x Beyer Dynamic TG1000 Receiver (470-789 MHz)
2x Beyer Dynamic TG1000 Beltpack Transmitter (470-789 MHz)
2x Antenna
The TG 1000 is beyerdynamic’s flagship 24-bit digital wireless system, engineered for uncompromising performance in professional live sound. With an exceptionally wide 319 MHz UHF bandwidth and ultra-low latency of just 2.1 ms, it delivers pristine audio quality, rock-solid RF reliability, and maximum flexibility for touring, theatre, and broadcast applications.
Designed for demanding environments, the TG 1000 supports large channel counts, fast synchronization, and encrypted transmission, while its intuitive operation and network integration options—including Dante—make it a powerful solution for modern digital workflows.
Combining German engineering with a comprehensive ecosystem of transmitters, capsules, and accessories, the TG 1000 adapts effortlessly to any stage, ensuring consistent, high-quality sound and dependable performance wherever it’s deployed.",https://cuesale.com/wp-content/uploads/2026/03/beyer-dynamic-tg1000-set-1.jpg,1,https://cuesale.com/wp-content/uploads/2026/03/beyer-dynamic-tg1000-set-2.jpg,2,,3,,4,,5,,6,,7
cuesale.com,https://cuesale.com/product/rcf-art-905as-subwoofer/,Sub Cabinet (Active),RCF ART 905AS Subwoofer,8,985.00,POA,EUR,RCF,,"RCF ART 905AS Subwoofer
The ART 905-AS is an extremely compact high output active subwoofer system. It integrate a totally new digital high power 1000 Watt amplifier, a complete electronic processor section and premium RCF low distortion, high power 15-inch woofer. The result is compact, light weight, high power accurate subwoofer, unique in their class for efficiency and low distortion.
Features : 
High current 1000 watt digital amplifier
131 dB max spl
15-inch High power woofer, 3-inch copper coil
Xover 80-120 Hz switch, phase switch
Electronic equalization, limiter and protection
Mono/stereo combo xlr/jack input, Mono/stereo xlr signal output
Baltic birch compact enclosure and 2 side handles for easy transportation",https://cuesale.com/wp-content/uploads/2026/03/rcf-art905as-1.jpg,1,https://cuesale.com/wp-content/uploads/2026/03/rcf-art905as-2-1.jpg,2,https://cuesale.com/wp-content/uploads/2026/03/rcf-art905as-3.jpg,3,https://cuesale.com/wp-content/uploads/2026/03/rcf-art905as-4.jpg,4,https://cuesale.com/wp-content/uploads/2026/03/rcf-art905as-5.jpg,5,,6,,7
cuesale.com,https://cuesale.com/product/flightcase-3vk/,Flightcases,Flightcase 3VK,1,85.00,POA,EUR,,,"Flightcase 3VK
Approximately 61 x 38 x 19 cm external measurements.
Sections approximately :
21 x 31 x 14 cm
11 x 31 x 14 cm
21 x 31 x 14 cm",https://cuesale.com/wp-content/uploads/2026/03/flightcase-3vk-1.jpg,1,https://cuesale.com/wp-content/uploads/2026/03/flightcase-3vk-2.jpg,2,,3,,4,,5,,6,,7
cuesale.com,https://cuesale.com/product/flightcase-50-panasonic/,Flightcases,Flightcase 50″ Panasonic,1,285.00,POA,EUR,,,"Flightcase 50″ Panasonic
Approximately 136 x 48 x 101 cm external dimensions.
Two units available, please select.",https://cuesale.com/wp-content/uploads/2026/03/flightcase-panasonic-th-pf50e-2-1.jpg,1,,2,,3,,4,,5,,6,,7
cuesale.com,https://cuesale.com/product/elation-platinum-beam-5r-pro-moving-head/,Beam Movinglights,Elation Platinum Beam 5R Pro Moving Head,10,395.00,POA,EUR,Elation,,"Elation Platinum Beam 5R Pro Moving Head
Well loved units, some covers are cracked/chipped.
Flightcase included when buying 4 units.
Platinum Beam 5R PRO is a professional-grade lighting solution.
Specifications : 
Philips MSD Platinum 5R Lamp – 3,000 Hour Average Life*
*Applies to Philips™ 5R lamps with a production date of February 25, 2015, or later. Actual lamp life may vary depending on several factors including but not limited to: environmental conditions, power/voltage, usage patterns (on-off cycling), control, and dimming.
56230 Lux @ 2.5m @2.5°
2.5° beam angle
Built in EWDMX receiver for wireless DMX (Not compatible with E-FLY)
No need for cleaning or adjustment of reflector or lamp
All lenses are anti-reflection coated
1 color wheel with total 12 colors + white
Variable speed color scrolling both directions (rainbow)
1 gobo wheels with 8 interchangeable (quickout)
Gobo wheel: 8 indexable, rotating gobos plus open
Variable speed gobo scrolling in both directions
Gobo Size: 14.0mm outside, 6mm image diameter
Rotating, indexing prism: 8-facet
Macro-function for rotating gobo/prism combinations
Variable Frost Filter (Hybrid effect for Wash)
Dual flag mechanical dimming system
Variable speed strobe effect
Preset variable/random strobe and dimming pulse effects
Automatic Pan / Tilt position correction
Maximum Pan-movement 630° or 540°/ 16 bit
Maximum Tilt-movement 265° / 16 bit
3 Phase motors for fast, accurate Pan / Tilt positioning
Vector Mode with blackout MIB function
Battery powered and colored LCD Display
16 DMX channels USITT DMX-512 (16-bit resolution)
Customizable DMX channel assignment
DMX, stand-alone, Primary/Secondary, sound activated mode
DMX recorder and edit function integrated
Software update via DMX, using optional E-Loader
3-pin and 5-Pin XLR serial input/output
With Wired Digital Communication Network
Fan cooled – fans regulated automatic or DMX
Constant temperature readout / management function
DB rating @ 1M = 55.73db
2 x 1/4 turn fastening Omega Clamps
Electronic ballast and power supply
Power consumption: 338W max.
Voltage: AC 100V ~ 240V 50/60Hz
Dimensions (LxWxH): 360x330x470 mm
Weight: 14.5 kg",https://cuesale.com/wp-content/uploads/2026/03/elation-platinum-beam-5R-Pro-5.jpg,1,https://cuesale.com/wp-content/uploads/2026/03/elation-platinum-beam-5R-Pro-7.jpg,2,https://cuesale.com/wp-content/uploads/2026/03/elation-platinum-beam-5R-Pro-6.jpg,3,https://cuesale.com/wp-content/uploads/2026/03/elation-platinum-beam-5R-Pro-8.jpg,4,https://cuesale.com/wp-content/uploads/2026/03/elation-platinum-beam-5R-Pro-3.jpg,5,https://cuesale.com/wp-content/uploads/2026/03/elation-platinum-beam-5R-Pro-4.jpg,6,https://cuesale.com/wp-content/uploads/2026/03/elation-platinum-beam-5R-Pro-1.jpg,7
cuesale.com,https://cuesale.com/product/shure-ur4d-2x-ur2-beta58a-l3-set/,Wireless Microphone,Shure UR4D + 2x UR2/Beta58a L3 Set,,1495.00,POA,EUR,Shure,,"Shure UR4D + 2x UR2/Beta58a L3 Set
L3 band : 638-698 MHz
Offering you more productivity, more reliability and more control, UHF-R is premier wireless technology that helps you master the complexities of large-scale wireless installations. UHF-R takes wireless to a completely new level.
Features : 
60 MHz bandwidth for up to 40 simultaneous compatible systems/band
Track Tuning filtering technology
Switchable transmitter output power Superior Wireless Sound Quality
Shure’s patented Audio Reference Companding Integrated Networking / Advanced Control
Wireless Workbench software
Ethernet and USB compatibility
AMX/Crestron compatibility
Networked Automatic Frequency Selection
Group Scan
Infrared Automatic Transmitter Setup
Rugged & Durable Construction
Sweat-resistant all-metal construction
Low-profile, lightweight magnesium bodypack
Shure’s rigorous mechanical and performance standards",https://cuesale.com/wp-content/uploads/2026/03/shure-ur4d-2xUR2-Beta58a-1.jpg,1,https://cuesale.com/wp-content/uploads/2026/03/shure-ur4d-2xUR2-Beta58a-2.jpg,2,,3,,4,,5,,6,,7
cuesale.com,https://cuesale.com/product/flightcase-g129/,Flightcases,Flightcase G129,1,225.00,POA,EUR,,,"Flightcase G129
Approximately 60 x 74 x 77 cm external dimensions.
12U front, 9U back",https://cuesale.com/wp-content/uploads/2026/03/flightcase-g129-1.jpg,1,https://cuesale.com/wp-content/uploads/2026/03/flightcase-g129-2.jpg,2,https://cuesale.com/wp-content/uploads/2026/03/flightcase-g129-3.jpg,3,,4,,5,,6,,7
cuesale.com,https://cuesale.com/product/sgm-p5-w-white-led-wash-light/,Static LED fixtures,SGM P5 W – White LED Wash Light,2,495.00,POA,EUR,,,"SGM P5 W – White LED Wash Light
The P-5 W is a white output version of the color P-5, which is the most well-known and reputed IP65 LED wash in the lighting industry. It is perfect for creating even coverage at a high light output. The P-5 W uses 16bit dimming performance, it is completely upgradeable through firmware updates and it offers a full variety of beam angles for medium throws via interchangeable lenses.
Features : 
High-performance IP65 white LED light source
6400K color temperature
43º, 21º, and 15º interchangeable lenses
23700 lumens in W
DMX, RDM, and wireless control
Accurate 16bit dimming performance
Practically maintenance-free
Flicker-free / Programmable scenes",https://cuesale.com/wp-content/uploads/2026/03/sgm-p5w-1.jpg,1,https://cuesale.com/wp-content/uploads/2026/03/sgm-p5w-2.jpg,2,,3,,4,,5,,6,,7
cuesale.com,https://cuesale.com/product/sgm-x-5-white-led-strobe/,Light Effects,SGM X-5 White LED Strobe,3,295.00,POA,EUR,,,"SGM X-5 White LED Strobe
Flightcase included when buying 4 units.
After being featured in some of the most important tours worldwide for many years, the X-5 has become a “classic”. It was the first true LED alternative to traditional xenon-lamp strobes, and the first luminaire with three controllable pixel segments. The high-performance rectangular heat sink of the X-5 allows this unit to output an impressive performance with only W power consumption. It is a robust, state-of-the-art LED fixture that creates unique effects never delivered before by a strobe.
Features : 
High performance white LED strobe light
3 individually controllable segments
High-speed strobe effect / Low power consumption
Noiseless operation
5700K color temperature
120º fixed angle
Only 6.7 kg (14.8 lbs.)
Flicker-free / Standalone modes",https://cuesale.com/wp-content/uploads/2026/03/sgm-x5-3.jpg,1,https://cuesale.com/wp-content/uploads/2026/03/sgm-x5-4.jpg,2,https://cuesale.com/wp-content/uploads/2026/03/sgm-x5-2.jpg,3,https://cuesale.com/wp-content/uploads/2026/03/sgm-x5-1.jpg,4,,5,,6,,7
