Website Name,Product URL,Product Category,Title,Quantity,Ex VAT Price,Inc VAT Price,Currency,Brand,Condition,Product Description,Image Src 1,Image Position 1,Image Src 2,Image Position 2,Image Src 3,Image Position 3,Image Src 4,Image Position 4,Image Src 5,Image Position 5,Image Src 6,Image Position 6,Image Src 7,Image Position 7
soundsale.nl,https://soundsale.nl/product/dbaudiotechnik-d12/,Onboard DSP,d&b audiotechnik D12,1,1450.00,POA,EUR,D&B Audiotechnik,,"PRODUCT DESCRIPTION
The d&b audiotechnik D12 (EP5 with adapter cable to speakON) is a professional 2-channel amplifier with integrated DSP, designed for use with a wide range of d&b loudspeaker systems. It combines amplification, loudspeaker-specific processing, equalization, delay and system protection in a robust touring-grade platform. The D12 has been widely used in professional touring, rental and installation systems and remains a proven solution for existing d&b inventories and legacy system configurations. This unit is fully tested by our technical team and available directly from our own stock. Supplied with a 3-month warranty, with worldwide shipping available.

WHAT'S INCLUDED?
1 x D12.

PRODUCT DETAILS
Brand
D&B Audiotechnik
Product category
Onboard DSP
Channels
2
Output power 4Ω/channel
1600 W
Output power 8Ω/channel
800 W
Height
133 mm (3U)",https://soundsale.nl/wp-content/uploads/2026/07/dbaudiotechnik-d12-2026-soundsale-5.jpg,1,https://soundsale.nl/wp-content/uploads/2026/07/dbaudiotechnik-d12-2026-soundsale-4.jpg,2,https://soundsale.nl/wp-content/uploads/2026/07/dbaudiotechnik-d12-2026-soundsale-3.jpg,3,https://soundsale.nl/wp-content/uploads/2026/07/dbaudiotechnik-d12-2026-soundsale-2.jpg,4,,5,,6,,7
soundsale.nl,https://soundsale.nl/product/electrovoice-q1212/,Non-DSP,Electro-Voice Q1212,1,650.00,POA,EUR,Electro-Voice,,"PRODUCT DESCRIPTION
This Electro-Voice Q1212 is a professional power amplifier designed for live sound, rental, installation and sound reinforcement applications. Known for its solid build quality and reliable performance, the Q1212 is a practical choice for users looking to power passive loudspeaker systems in a professional audio setup. It is suitable for use in amplifier racks, fixed installations or mobile productions where dependable amplification is required. This unit has been fully checked and tested by our in-house technicians to ensure proper operation and professional performance. As with all Soundsale certified pre-owned products, this amplifier is supplied with a 3-month Soundsale warranty.

WHAT'S INCLUDED?
1 x Q1212.

PRODUCT DETAILS
Brand
Electro-Voice
Product category
Non-DSP
Channels
2
Output power 2Ω/channel
1800 W
Output power 4Ω/channel
1200 W
Output power 8Ω/channel
750 W
Height
89 mm (2U)",https://soundsale.nl/wp-content/uploads/2026/07/electrovoice-q1212-soundsale-1.jpg,1,https://soundsale.nl/wp-content/uploads/2026/07/electrovoice-q1212-soundsale-2.jpg,2,https://soundsale.nl/wp-content/uploads/2026/07/electrovoice-q1212-soundsale-3.jpg,3,https://soundsale.nl/wp-content/uploads/2026/07/electrovoice-q1212-soundsale-6.jpg,4,,5,,6,,7
soundsale.nl,https://soundsale.nl/product/lacoustics-12xt2/,"Point source, Stage monitor",L-Acoustics 12XT-2 – set of 2,1,2499.00,POA,EUR,L-Acoustics,,"PRODUCT DESCRIPTION
This offering includes 2 x L-Acoustics 12XT-2 loudspeaker and a flightcase designed to hold two units. Ideal for users looking to expand an existing inventory while benefiting from a high-quality transport solution. The 12XT is a versatile coaxial loudspeaker known for its clarity, power and flexible deployment in FOH, monitoring and installation applications. These units features the new L-Acoustics color and structure finish in dark grey brown (Pantone 426 C). This set is offered as certified pre-owned, fully tested and approved by our in-house technicians, and supplied with a 3-month Soundsale warranty.

WHAT'S INCLUDED?
2 x 12XT-2;
1 x flightcase.

PRODUCT DETAILS
Brand
L-Acoustics
Product category
Point source, Stage monitor
Speaker type
Passive
Maximum SPL
133 dB
Frequency response
55 Hz – 20 kHz
Transducers
LF: 1 × 12″cone driver, HF: 1 × 3″diaphragm compression driver
Weight
29 kg
Dimensions (W × H × D)
410 x 540 x 389 mm",https://soundsale.nl/wp-content/uploads/2026/07/lacoustics-12xt-grey-202639-soundsale-2.jpg,1,https://soundsale.nl/wp-content/uploads/2026/07/lacoustics-12xt-grey-202639-soundsale-3.jpg,2,https://soundsale.nl/wp-content/uploads/2026/07/lacoustics-12xt-grey-202639-soundsale-1.jpg,3,,4,,5,,6,,7
soundsale.nl,https://soundsale.nl/product/lacoustics-115xt2hiq/,"Point source, Stage monitor",L-Acoustics 115XT-2 HiQ – set of 2,1,2799.00,POA,EUR,L-Acoustics,,"PRODUCT DESCRIPTION
This set of 2 x L-Acoustics 115XT HiQ loudspeakers delivers powerful, high-quality monitoring performance with the clarity and reliability expected from L-Acoustics. Known for its focused coverage, strong output and excellent vocal presence, the 115XT HiQ is a trusted choice for stage monitoring, side-fill and professional live sound applications. These units features the new L-Acoustics color and structure finish in dark grey brown (Pantone 426 C). The set is supplied in a solid flightcase, offering safe transport and protection for touring, rental and mobile use. As with all Soundsale products, these units are offered as certified pre-owned, fully tested, inspected and approved by our in-house technicians. Supplied with a 3-month Soundsale warranty, this set is ready for immediate professional deployment.

WHAT'S INCLUDED?
2 x 115XT-2 HiQ;
1 x flightcase.

PRODUCT DETAILS
Brand
L-Acoustics
Product category
Point source, Stage monitor
Speaker type
Passive
Maximum SPL
139.5 dB
Frequency response
50 Hz – 20 kHz
Transducers
LF: 1 x 15’’ weather-resistant
HF: 1 x 3’’ diaphragm compression driver
Finish
Grey-brown RAL 8019
Weight
28.5 kg",https://soundsale.nl/wp-content/uploads/2026/07/lacoustics-115xthiq-grey-202639-soundsale-2.jpg,1,https://soundsale.nl/wp-content/uploads/2026/07/lacoustics-115xthiq-grey-202639-soundsale-1.jpg,2,https://soundsale.nl/wp-content/uploads/2026/07/lacoustics-115xthiq-grey-202639-soundsale-3.jpg,3,,4,,5,,6,,7
soundsale.nl,https://soundsale.nl/product/lacoustics-115xthiq-202627/,"Point source, Stage monitor",L-Acoustics 115XT HiQ – set of 2,12,2599.00,POA,EUR,L-Acoustics,,"PRODUCT DESCRIPTION
This set of 2 x L-Acoustics 115XT HiQ loudspeakers delivers powerful, high-quality monitoring performance with the clarity and reliability expected from L-Acoustics. Known for its focused coverage, strong output and excellent vocal presence, the 115XT HiQ is a trusted choice for stage monitoring, side-fill and professional live sound applications. The set is supplied in a solid flightcase, offering safe transport and protection for touring, rental and mobile use. As with all Soundsale products, these units are offered as certified pre-owned, fully tested, inspected and approved by our in-house technicians. Supplied with a 3-month Soundsale warranty, this set is ready for immediate professional deployment.

WHAT'S INCLUDED?
2 x 115XT HiQ;
1 x flightcase.

PRODUCT DETAILS
Brand
L-Acoustics
Product category
Point source, Stage monitor
Speaker type
Passive
Maximum SPL
139.5 dB
Frequency response
50 Hz – 20 kHz
Transducers
LF: 1 x 15’’ weather-resistant
HF: 1 x 3’’ diaphragm compression driver
Finish
Grey-brown RAL 8019
Weight
28.5 kg",https://soundsale.nl/wp-content/uploads/2026/06/lacoustics-115xthiq-202627-soundsale-4.jpg,1,https://soundsale.nl/wp-content/uploads/2026/06/lacoustics-115xthiq-202627-soundsale-5.jpg,2,https://soundsale.nl/wp-content/uploads/2026/06/lacoustics-115xthiq-202627-soundsale-3.jpg,3,https://soundsale.nl/wp-content/uploads/2026/06/lacoustics-115xthiq-202627-soundsale-1.jpg,4,,5,,6,,7
soundsale.nl,https://soundsale.nl/product/qsc-acs6t-black/,Point source,QSC AC-S6T Black (ex-demo),4,110.00,POA,EUR,QSC,,"PRODUCT DESCRIPTION
Price per piece, sold per pair. The QSC AcousticCoverage™ Series AC-S6T is a surface mounted 6.5” two-way loudspeaker with 70/100V transformer, suitable for a wide variety of audio/video conferencing reinforcement, voice paging and background music applications.

WHAT'S INCLUDED?
1 x AC-S6T Black;
1 x yoke mount system.

PRODUCT DETAILS
Brand
QSC
Product category
Point source
Speaker type
Passive
Components
LF 6.5"" polypropylene woofer, HF 1"" aluminium dome tweeter
Nominal impedance
8Ω, 70 V, 100 V
Maximum SPL
107 dB peak
Frequency response
60 Hz – 20 kHz
Dimensions (W x H x D)
359 x 267 x 470 mm
Weight
8.4 kg",https://soundsale.nl/wp-content/uploads/2026/09/qsc-acs6t-black-soundsale-1.jpg,1,https://soundsale.nl/wp-content/uploads/2026/09/qsc-acs6t-black-soundsale-2.jpg,2,,3,,4,,5,,6,,7
soundsale.nl,https://soundsale.nl/product/lacoustics-12xt-202631/,"Point source, Stage monitor",L-Acoustics 12XT – set of 2,23,2250.00,POA,EUR,L-Acoustics,,"PRODUCT DESCRIPTION
This offering includes 2 x L-Acoustics 12XT loudspeaker and a flightcase designed to hold two units. Ideal for users looking to expand an existing inventory while benefiting from a high-quality transport solution. The 12XT is a versatile coaxial loudspeaker known for its clarity, power and flexible deployment in FOH, monitoring and installation applications. This set is offered as certified pre-owned, fully tested and approved by our in-house technicians, and supplied with a 3-month Soundsale warranty.

WHAT'S INCLUDED?
2 x 12XT;
1 x flightcase.

PRODUCT DETAILS
Brand
L-Acoustics
Product category
Point source, Stage monitor
Speaker type
Passive
Maximum SPL
133 dB
Frequency response
55 Hz – 20 kHz
Transducers
LF: 1 × 12″cone driver, HF: 1 × 3″diaphragm compression driver
Weight
29 kg
Dimensions (W × H × D)
410 x 540 x 389 mm",https://soundsale.nl/wp-content/uploads/2026/07/lacoustics-12xt-202639-soundsale-3.jpg,1,https://soundsale.nl/wp-content/uploads/2026/07/lacoustics-12xt-202639-soundsale-1.jpg,2,https://soundsale.nl/wp-content/uploads/2026/07/lacoustics-12xt-202639-soundsale-2.jpg,3,,4,,5,,6,,7
soundsale.nl,https://soundsale.nl/product/lake-lm44/,Outboard,Lake LM 44,3,1899.00,POA,EUR,Lake,,"PRODUCT DESCRIPTION
The Lake LM44 is a professional 4-in / 4-out digital audio processor designed for system processing, loudspeaker management and networked audio applications. It combines powerful Lake Processing with flexible routing, EQ, crossover, delay and limiting functions, plus Dante audio networking and Ethernet control via Lake Controller. The LM Series platform is widely used in touring, rental and fixed installation systems thanks to its precise processing, flexible networking and seamless integration with other Lake-equipped devices. This unit is fully tested by our technical team and available directly from our own stock. Worldwide shipping available.

WHAT'S INCLUDED?
1 x LM 44.

PRODUCT DETAILS
Brand
Lake
Product category
Outboard
Height
45 mm (1U)",https://soundsale.nl/wp-content/uploads/2026/09/lake-lm44-soundsale-4.jpg,1,https://soundsale.nl/wp-content/uploads/2026/09/lake-lm44-soundsale-3.jpg,2,https://soundsale.nl/wp-content/uploads/2026/09/lake-lm44-soundsale-2.jpg,3,,4,,5,,6,,7
soundsale.nl,https://soundsale.nl/product/lacoustics-p1-processor/,Outboard,L-Acoustics P1 – Ex-Demo 2025,1,5299.00,POA,EUR,L-Acoustics,,"PRODUCT DESCRIPTION
The L-Acoustics P1 is a powerful AVB audio processor and measurement platform for system routing, processing, measurement and tuning. Its 20 x 16 architecture combines Milan-AVB, AES/EBU and analog connectivity with integrated support for the L-Acoustics M1 measurement suite. This unit is an ex-demo model from 2025, in excellent condition and fully tested by our technical team. Available directly from our own stock, with worldwide shipping available.

WHAT'S INCLUDED?
1 x P1.

PRODUCT DETAILS
Brand
L-Acoustics
Product category
Outboard
Height
45 mm (1U)",https://soundsale.nl/wp-content/uploads/2026/09/lacoustics-p1-soundsale-2.jpg,1,https://soundsale.nl/wp-content/uploads/2026/09/lacoustics-p1-soundsale-3.jpg,2,https://soundsale.nl/wp-content/uploads/2026/09/lacoustics-p1-soundsale-1.jpg,3,,4,,5,,6,,7
soundsale.nl,https://soundsale.nl/product/lacoustics-la12x-2026/,Onboard DSP,L-Acoustics LA12X – Ex-Demo 2025,2,8650.00,POA,EUR,L-Acoustics,,"PRODUCT DESCRIPTION
The L-Acoustics LA12X is a high-power 4-channel amplified controller for demanding L-Acoustics systems. It offers up to 4 x 3300 W at 2.7 ohms and combines amplification, DSP and system protection with analog, AES/EBU and Milan-AVB connectivity. This unit is an ex-demo model from 2025, in excellent condition and fully tested by our technical team. Available directly from our own stock, with worldwide shipping available.

WHAT'S INCLUDED?
1 x LA12X.

PRODUCT DETAILS
Brand
L-Acoustics
Product category
Onboard DSP
Channels
4
Output power 2.7Ω/channel
3300 W
Output power 4Ω/channel
2600 W
Output power 8Ω/channel
1400 W
Height
89 mm (2U)",https://soundsale.nl/wp-content/uploads/2026/09/lacoustics-la12x-soundsale-3.jpg,1,https://soundsale.nl/wp-content/uploads/2026/09/lacoustics-la12x-soundsale-1.jpg,2,https://soundsale.nl/wp-content/uploads/2026/09/lacoustics-la12x-soundsale-2.jpg,3,,4,,5,,6,,7
soundsale.nl,https://soundsale.nl/product/lacoustics-la4x-202638/,Onboard DSP,L-Acoustics LA4X – Ex-Demo 2025,2,4399.00,POA,EUR,L-Acoustics,,"PRODUCT DESCRIPTION
The L-Acoustics LA4X is a 4-channel amplified controller combining amplification, DSP and loudspeaker management in a compact 2U platform. It delivers up to 4 x 1000 W and supports analog, AES/EBU and Milan-AVB inputs. This unit is an ex-demo model from 2025, in excellent condition and fully tested by our technical team. Available directly from our own stock, with worldwide shipping available.

WHAT'S INCLUDED?
1 x LA4X.

PRODUCT DETAILS
Brand
L-Acoustics
Product category
Onboard DSP
Channels
4
Output power 4Ω/channel
1000 W
Output power 8Ω/channel
1000 W
Height
89 mm (2U)",https://soundsale.nl/wp-content/uploads/2026/09/lacoustics-la4x-202638-soundsale-3.jpg,1,https://soundsale.nl/wp-content/uploads/2026/09/lacoustics-la4x-202638-soundsale-1.jpg,2,https://soundsale.nl/wp-content/uploads/2026/09/lacoustics-la4x-202638-soundsale-2.jpg,3,,4,,5,,6,,7
soundsale.nl,https://soundsale.nl/product/dbaudiotechnik-m6/,Stage monitor,d&b audiotechnik M6 – set of 2,1,4999.00,POA,EUR,D&B Audiotechnik,,"PRODUCT DESCRIPTION
Price per piece, sold per pair. The d&b audiotechnik M6 is a 2-way high performance stage monitor employing an integrated 12” LF and 1.3” exit horn loaded HF coaxial driver design that utilizes neodymium magnets. The 2 RU two channel lightweight D6 amplifier delivers medium power into low impedance loads between 4 and 16 ohms and is ideally suited for use in both mobile and installation environments.

WHAT'S INCLUDED?
1 x M6.

PRODUCT DETAILS
Brand
D&B Audiotechnik
Product category
Stage monitor
Speaker type
Passive
Components
12"" LF driver with neodymium magnet coaxial, 1.3"" exit compression driver
Power handling
400 W RMS
Maximum SPL
132 dB peak
Usable bandwidth
65 Hz – 17 kHz
Dimensions (W x H x D)
486 x 473 x 321 mm
Weight
16 kg",https://soundsale.nl/wp-content/uploads/2024/09/dbaudiotechnik-m6-soundsale-7.jpg,1,https://soundsale.nl/wp-content/uploads/2024/09/dbaudiotechnik-m6-soundsale-6.jpg,2,https://soundsale.nl/wp-content/uploads/2024/09/dbaudiotechnik-m6-soundsale-5.jpg,3,https://soundsale.nl/wp-content/uploads/2024/09/dbaudiotechnik-m6-soundsale-3.jpg,4,https://soundsale.nl/wp-content/uploads/2024/09/dbaudiotechnik-m6-soundsale-4.jpg,5,,6,,7
soundsale.nl,https://soundsale.nl/product/qsc-kw153/,Point source,QSC KW153 – NEW IN BOX,12,1290.00,POA,EUR,QSC,,"PRODUCT DESCRIPTION
The QSC KW153 is a professional 3-way active loudspeaker designed for high-output sound reinforcement. Its 15-inch low-frequency driver, 6.5-inch midrange driver and 1.75-inch compression driver provide strong low-end performance with excellent vocal clarity and definition. Integrated 1000 W Class-D amplification and QSC DSP with DEEP™ and Intrinsic Correction™ make the KW153 a powerful full-range solution for live sound, rental and installation applications. This QSC KW153 is brand new in its original factory packaging and comes with full factory warranty. The listed price is per speaker, but the loudspeakers are sold in pairs only. Available directly from our own stock and suitable for worldwide shipping.

WHAT'S INCLUDED?
1 x KW153.

PRODUCT DETAILS
Brand
QSC
Product category
Point source
Speaker type
Powered
Maximum SPL
134 dB
Frequency response
33 Hz – 20 kHz
Transducers
LF: 1 x 15"", MF: 6.5"", HF: 1 x 1.75""
Weight
39.5 kg",https://soundsale.nl/wp-content/uploads/2026/09/qsc-kw153-powered-audiosolvation-4.jpg,1,https://soundsale.nl/wp-content/uploads/2026/09/qsc-kw153-powered-audiosolvation-1.jpg,2,https://soundsale.nl/wp-content/uploads/2026/09/qsc-kw153-powered-audiosolvation-2.jpg,3,https://soundsale.nl/wp-content/uploads/2026/09/qsc-kw153-powered-audiosolvation-3.jpg,4,,5,,6,,7
soundsale.nl,https://soundsale.nl/product/qsc-kw152/,Point source,QSC KW152 – NEW IN BOX,10,1128.00,POA,EUR,QSC,,"PRODUCT DESCRIPTION
The QSC KW152 is a professional 15-inch 2-way active loudspeaker designed for live sound, rental, DJ and installation applications. It combines a powerful 15-inch low-frequency driver with a 1.75-inch compression driver and integrated 1000 W Class-D amplification. Built-in DSP with DEEP™ and Intrinsic Correction™ helps deliver clear and controlled performance, while the rugged birch plywood enclosure makes the KW152 well suited for demanding professional use. This QSC KW152 is brand new in its original factory packaging and comes with full factory warranty. The listed price is per speaker, but the loudspeakers are sold in pairs only. Available directly from our own stock and suitable for worldwide shipping.

WHAT'S INCLUDED?
1 x KW152.

PRODUCT DETAILS
Brand
QSC
Product category
Point source
Speaker type
Powered
Maximum SPL
133 dB
Frequency response
44 Hz – 20 kHz
Transducers
LF: 1 x 15’’, HF: 1 x 1.75’’ compression driver
Weight
29 kg",https://soundsale.nl/wp-content/uploads/2022/07/qsc-kw152-powered-soundsale-1.jpg,1,https://soundsale.nl/wp-content/uploads/2022/07/qsc-kw152-powered-soundsale-2.jpg,2,https://soundsale.nl/wp-content/uploads/2022/07/qsc-kw152-powered-soundsale-3.jpg,3,https://soundsale.nl/wp-content/uploads/2022/07/qsc-kw152-powered-soundsale-4.jpg,4,,5,,6,,7
soundsale.nl,https://soundsale.nl/product/qsc-e112/,Point source,QSC E112 – NEW IN BOX,12,486.00,POA,EUR,QSC,,"PRODUCT DESCRIPTION
The QSC E112 is a trapezoidal, two-way loudspeaker using a 12-inch die cast aluminum woofer with a 3-inch voice-coil. The 15mm, 11-ply enclosure provides enough volume to deliver solid low-frequency extension down to 65 Hz making it an excellent choice for applications in which space or budget preclude the use of a subwoofer. The DMT coverage angle of 85° is ideal for most medium and medium-long throw applications. All units are brand new and supplied in original packaging, ensuring they are ready for installation or immediate deployment in professional environments. Price per piece, sold per pair.

WHAT'S INCLUDED?
1 x E112-BK.

PRODUCT DETAILS
Brand
QSC
Product category
Point source
Speaker type
Passive
Maximum SPL
128 dB
Frequency response
46 Hz – 20 kHz
Transducers
LF: 1 x 12’’, HF: 1 x 1.75"" compression driver
Weight
23 kg",https://soundsale.nl/wp-content/uploads/2026/09/qsc-e112-luidspreker-speaker-audiosolvation-2.jpg,1,https://soundsale.nl/wp-content/uploads/2026/09/qsc-e112-luidspreker-speaker-audiosolvation-3.jpg,2,https://soundsale.nl/wp-content/uploads/2026/09/qsc-e112-luidspreker-speaker-audiosolvation-1.jpg,3,https://soundsale.nl/wp-content/uploads/2026/09/qsc-e112-luidspreker-speaker-audiosolvation-4.jpg,4,https://soundsale.nl/wp-content/uploads/2026/09/qsc-e112-luidspreker-speaker-audiosolvation-5.jpg,5,,6,,7
soundsale.nl,https://soundsale.nl/product/qsc-e115/,Point source,QSC E115 – NEW IN BOX,12,642.00,POA,EUR,QSC,,"PRODUCT DESCRIPTION
The QSC E115 is a trapezoidal, two-way loudspeaker using a 15-inch, 500W, die cast aluminum frame woofer with a 3.5-inch voice coil. It is intended for use when high-power and authoritative low-end are needed from a full-range loudspeaker. A 2.8” compression driver attached to the 75° DMTTM waveguide assures that even distant listeners will be well covered. All units are brand new and supplied in original packaging, ensuring they are ready for installation or immediate deployment in professional environments. Price per piece, sold per pair.

WHAT'S INCLUDED?
1 x E115-BK.

PRODUCT DETAILS
Brand
QSC
Product category
Point source
Speaker type
Passive
Maximum SPL
130 dB
Frequency response
43 Hz – 20 kHz
Transducers
LF: 1 x 15’’, HF: 1 x 2.8’’ compression driver
Weight
31 kg",https://soundsale.nl/wp-content/uploads/2026/09/qsc-e115-luidspreker-speaker-audiosolvation-2.jpg,1,https://soundsale.nl/wp-content/uploads/2026/09/qsc-e115-luidspreker-speaker-audiosolvation-3.jpg,2,https://soundsale.nl/wp-content/uploads/2026/09/qsc-e115-luidspreker-speaker-audiosolvation-1.jpg,3,https://soundsale.nl/wp-content/uploads/2026/09/qsc-e115-luidspreker-speaker-audiosolvation-4.jpg,4,https://soundsale.nl/wp-content/uploads/2026/09/qsc-e115-luidspreker-speaker-audiosolvation-5.jpg,5,,6,,7
soundsale.nl,https://soundsale.nl/product/lacoustics-vdosc-202636/,Line array,L-Acoustics V-DOSC – set of 12,1,21000.00,POA,EUR,L-Acoustics,,"PRODUCT DESCRIPTION
This set consists of 12 x L-Acoustics V-DOSC (NL8) line array loudspeakers. V-DOSC is one of the iconic systems in the history of line source array technology and has been widely used for large-scale touring, festivals and professional rental applications. A solid choice for companies looking for a complete and proven L-Acoustics system at an attractive pre-owned price point. All loudspeakers are owned by Soundsale, individually handled and extensively tested by our own technical team before sale.

WHAT'S INCLUDED?
12 x V-DOSC (NL8);
3 x chariots.

PRODUCT DETAILS
Brand
L-Acoustics
Product category
Line array
Speaker type
Passive
Maximum SPL
146 dB (four enclosures)
Frequency response
40 Hz – 20 kHz
Transducers
LF: 2x 15’’ weather-resistant driver, MF: 7 x 4"", HF: 2 x 1.4’’ compression driver
Weight
108 kg",https://soundsale.nl/wp-content/uploads/2026/07/lacoustics-vdosc-202635-soundsale-3.jpg,1,https://soundsale.nl/wp-content/uploads/2026/07/lacoustics-vdosc-202635-soundsale-2.jpg,2,https://soundsale.nl/wp-content/uploads/2026/07/lacoustics-vdosc-202635-soundsale-1.jpg,3,,4,,5,,6,,7
soundsale.nl,https://soundsale.nl/product/qsc-k12/,Point source,QSC K12 – set of 2,1,999.00,POA,EUR,QSC,,"PRODUCT DESCRIPTION
This set consists of 2 x QSC K12 powered loudspeakers from the original QSC K Series. The K12 is a versatile 12-inch, 2-way active loudspeaker combining a 12-inch low-frequency driver with a 1.75-inch compression driver. Its integrated Class-D amplifier provides 1000 W continuous power, divided equally between the LF and HF sections. This set is Certified Pre-Owned, fully tested and approved by our own technical team and supplied with a 3-month warranty.

WHAT'S INCLUDED?
2 x K12.

PRODUCT DETAILS
Brand
QSC
Product category
Point source
Speaker type
Powered
Maximum SPL
131 dB
Frequency response
48 Hz – 20 kHz
Transducers
LF: 1 x 12"", HF: 1 x 1.75""
Weight
18.6 kg",https://soundsale.nl/wp-content/uploads/2026/07/qsc-k12-2026-soundsale-3.jpg,1,https://soundsale.nl/wp-content/uploads/2026/07/qsc-k12-2026-soundsale-2.jpg,2,https://soundsale.nl/wp-content/uploads/2026/07/qsc-k12-2026-soundsale-4.jpg,3,https://soundsale.nl/wp-content/uploads/2026/07/qsc-k12-2026-soundsale-1.jpg,4,,5,,6,,7
soundsale.nl,https://soundsale.nl/product/electrovoice-ao1/,Others,Electro-Voice AO-1,2,250.00,POA,EUR,Electro-Voice,,"PRODUCT DESCRIPTION
The Electro Voice AO-1 NetMax 8-channel analog output card with eight electronically balanced line-level outputs, Euroblock connectors, and IRIS-Net notification of installation and removal.

WHAT'S INCLUDED?
1 x Electro-Voice AO-1.

PRODUCT DETAILS
Brand
Electro-Voice
Product category
Others",https://soundsale.nl/wp-content/uploads/2026/08/electrovoice-ao1-soundsale-3.jpg,1,https://soundsale.nl/wp-content/uploads/2026/08/electrovoice-ao1-soundsale-1.jpg,2,https://soundsale.nl/wp-content/uploads/2026/08/electrovoice-ao1-soundsale-2.jpg,3,https://soundsale.nl/wp-content/uploads/2026/08/electrovoice-ao1-soundsale-4.jpg,4,,5,,6,,7
soundsale.nl,https://soundsale.nl/product/labgruppen-plm20k44/,Onboard DSP,Lab Gruppen PLM 20K44,6,3699.00,POA,EUR,Lab.gruppen,,"PRODUCT DESCRIPTION
The Lab Gruppen PLM 20K44 (with Binding Post Connectors) is a powerful 4-channel amplified controller combining high-output amplification with advanced Lake Processing. Designed for demanding touring, rental and installation environments, it offers precise loudspeaker management, flexible system control and reliable performance in professional PA systems. With its integrated processing and networked control capabilities, the PLM 20K44 is a strong choice for users who need both serious amplifier power and accurate system tuning in one unit. This unit is offered as certified pre-owned, fully tested, inspected and approved by our in-house technicians. Supplied with a 3-month Soundsale warranty, the PLM 20K44 is ready for immediate professional deployment.

WHAT'S INCLUDED?
1 x PLM 20K44 (binding post connectors).

PRODUCT DETAILS
Brand
Lab.gruppen
Product category
Onboard DSP
Channels
4
Output power 2.7Ω/channel
5900 W
Output power 4Ω/channel
4600 W
Output power 8Ω/channel
2300 W
Height
89 mm (2U)
Weight
17 kg",https://soundsale.nl/wp-content/uploads/2026/07/labgruppen-plm20k44-soundsale-3.jpg,1,https://soundsale.nl/wp-content/uploads/2026/07/labgruppen-plm20k44-soundsale-2.jpg,2,https://soundsale.nl/wp-content/uploads/2026/07/labgruppen-plm20k44-soundsale-1.jpg,3,,4,,5,,6,,7
soundsale.nl,https://soundsale.nl/product/lacoustics-kudo-202631/,Line array,L-Acoustics KUDO (8) + KBUMP (2),1,10750.00,POA,EUR,L-Acoustics,,"PRODUCT DESCRIPTION
The L-Acoustics KUDO is a versatile, large-format line source speaker operating between 35 Hz and 20 kHz. It features two 12″ bass-reflex-loaded low-frequency drivers, four 5″ high-efficiency midrange drivers, and two 1.75″ diaphragm compression drivers coupled to DOSC waveguides. KUDO offers adjustable directivity with symmetric (50° or 110°) and asymmetric (25°/55° or 55°/25°) horizontal coverage. With a maximum SPL of 140 dB, it’s suitable for various applications. Soundsale offers a 3-month warranty, and rigorous quality control, ensuring reliable performance. Set includes new in box covers.

WHAT'S INCLUDED?
8 x KUDO;
8 x KPLA-2;
8 x KCOV (new)
2 x KBUMP.

PRODUCT DETAILS
Brand
L-Acoustics
Product category
Line array
Speaker type
Passive
Maximum SPL
140 dB
Frequency response
35 – 20 kHz
Transducers
LF 2 x 12"", 4 x 5"", 2 x 1.75""
Weight
87 kg",https://soundsale.nl/wp-content/uploads/2026/02/comingsoon-soundsale.jpg,1,,2,,3,,4,,5,,6,,7
soundsale.nl,https://soundsale.nl/product/lacoustics-arcs-2026/,"Line array, Point source",L-Acoustics ARCS – set of 6,1,6500.00,POA,EUR,L-Acoustics,,"PRODUCT DESCRIPTION
This set of 6 x L-Acoustics ARCS loudspeakers offers powerful output, excellent clarity and the proven sonic performance expected from L-Acoustics. The ARCS system is well suited for touring, rental, theatre, club and installation applications where high-quality coverage and reliable performance are essential. As with all Soundsale products, these units are certified pre-owned, fully tested and approved by our in-house technicians, and supplied with a 3-month Soundsale warranty — ready for immediate professional use.

WHAT'S INCLUDED?
6 x ARCS;
6 x ARCSPLA.

PRODUCT DETAILS
Brand
L-Acoustics
Product category
Line array, Point source
Speaker type
Passive
Maximum SPL
134 dB
Frequency response
50 Hz – 20 kHz
Transducers
LF: 1 x 15’’ neodymium weather-resistant, HF: 1 x 1.4’’ neodymium compression driver
Weight
57 kg",https://soundsale.nl/wp-content/uploads/2026/07/lacoustics-arcs-202635-soundsale-2.jpg,1,https://soundsale.nl/wp-content/uploads/2026/07/lacoustics-arcs-202635-soundsale-1.jpg,2,https://soundsale.nl/wp-content/uploads/2026/07/lacoustics-arcs-202635-soundsale-3.jpg,3,,4,,5,,6,,7
soundsale.nl,https://soundsale.nl/product/lacoustics-dvsub-2026/,Subwoofer,L-Acoustics dV-SUB,4,999.00,POA,EUR,L-Acoustics,,"PRODUCT DESCRIPTION
The L-Acoustics dV-SUB is a compact subwoofer designed to extend the low-frequency performance of dV-DOSC systems. With its powerful and controlled bass response, the dV-SUB is well suited for touring, rental, theatre and live sound applications where a compact yet capable low-end solution is required. This unit is offered as certified pre-owned, fully tested, inspected and approved by our in-house technicians. Supplied with a 3-month Soundsale warranty, the dV-SUB is ready for immediate professional use.

WHAT'S INCLUDED?
1 x dV-SUB;
1 x dolly.

PRODUCT DETAILS
Brand
L-Acoustics
Product category
Subwoofer
Speaker type
Passive
Maximum SPL
143 dB
Frequency response
> 35 Hz
Transducers
LF: 3 x 15’’ weather-resistant
Weight
93 kg",https://soundsale.nl/wp-content/uploads/2026/07/lacoustics-dvsub-soundsale-4.jpg,1,https://soundsale.nl/wp-content/uploads/2026/07/lacoustics-dvsub-soundsale-3.jpg,2,https://soundsale.nl/wp-content/uploads/2026/07/lacoustics-dvsub-soundsale-2.jpg,3,https://soundsale.nl/wp-content/uploads/2026/07/lacoustics-dvsub-soundsale-1.jpg,4,,5,,6,,7
soundsale.nl,https://soundsale.nl/product/lacoustics-sb28-202631/,Subwoofer,L-Acoustics SB28,24,2350.00,POA,EUR,L-Acoustics,,"PRODUCT DESCRIPTION
The L-Acoustics SB28 is a powerful dual 18″ subwoofer designed to deliver deep, controlled low-frequency performance for professional touring, rental and large-scale sound reinforcement applications. Known for its strong output, impact and reliability, the SB28 remains a trusted choice for expanding or reinforcing L-Acoustics systems. This unit is offered as certified pre-owned, fully tested, inspected and approved by our in-house technicians. Supplied with a 3-month Soundsale warranty, the SB28 is ready for immediate professional deployment.

WHAT'S INCLUDED?
1 x SB28;
1 x dolly;
1 x cover..

PRODUCT DETAILS
Brand
L-Acoustics
Product category
Subwoofer
Speaker type
Passive
Maximum SPL
140 dB
Frequency response
> 25 Hz
Transducers
LF: 2 x 18’’ weather-resistant
Weight
93 kg",https://soundsale.nl/wp-content/uploads/2026/07/lacoustics-sb28-202635-soundsale-5.jpg,1,https://soundsale.nl/wp-content/uploads/2026/07/lacoustics-sb28-202635-soundsale-1.jpg,2,https://soundsale.nl/wp-content/uploads/2026/07/lacoustics-sb28-202635-soundsale-2.jpg,3,https://soundsale.nl/wp-content/uploads/2026/07/lacoustics-sb28-202635-soundsale-3.jpg,4,https://soundsale.nl/wp-content/uploads/2026/07/lacoustics-sb28-202635-soundsale-4.jpg,5,,6,,7
soundsale.nl,https://soundsale.nl/product/lacoustics-arcsii/,"Line array, Point source",L-Acoustics ARCS II – set of 8,1,14750.00,POA,EUR,L-Acoustics,,"PRODUCT DESCRIPTION
The ARCS II features one 15’’ neodymium LF driver in a bass-reflex tuned enclosure and one 3’’ neodymium diaphragm compression driver coupled to a DOSC® waveguide. The ARCS II is based on an active 2-way design with a nominal impedance of 8 ohms for both the HF and the LF section. The ARCS II cabinet is made of first grade Baltic birch plywood to ensure maximum acoustical and mechanical integrity As with all Soundsale products, these units are certified pre-owned, fully tested and approved by our in-house technicians, and supplied with a 3-month Soundsale warranty — ready for immediate professional use.

WHAT'S INCLUDED?
8 x ARCS II;
8 x ARCSPLA.

PRODUCT DETAILS
Brand
L-Acoustics
Product category
Line array, Point source
Speaker type
Passive
Maximum SPL
140 dB
Frequency response
50 Hz – 20 kHz
Transducers
LF: 1 x 15’’ neodymium weather-resistant with 4’’ coil, HF: 1 x 3’’ neodymium diaphragm compression driver
Weight
50 kg",https://soundsale.nl/wp-content/uploads/2026/02/comingsoon-soundsale.jpg,1,,2,,3,,4,,5,,6,,7
soundsale.nl,https://soundsale.nl/product/dbaudiotechnik-d80/,Onboard DSP,d&b audiotechnik D80,20,6250.00,POA,EUR,D&B Audiotechnik,,"PRODUCT DESCRIPTION
The d&b audiotechnik D80 is a powerful 4-channel amplifier designed for professional d&b loudspeaker systems. With high output power, advanced DSP and precise system control, the D80 is a trusted choice for touring, rental and installation applications. This unit is offered as certified pre-owned, fully tested, inspected and approved by our in-house technicians. Supplied with a 3-month Soundsale warranty, the D80 is ready for immediate professional use.

WHAT'S INCLUDED?
1 x D80.

PRODUCT DETAILS
Brand
D&B Audiotechnik
Product category
Onboard DSP
Channels
4
Output power 4Ω/channel
4000 W
Output power 8Ω/channel
2000 W
Height
89 mm (2U)
Weight
19 kg",https://soundsale.nl/wp-content/uploads/2026/07/dbaudiotechnik-d80-2026-soundsale-2.jpg,1,https://soundsale.nl/wp-content/uploads/2026/07/dbaudiotechnik-d80-2026-soundsale-3.jpg,2,https://soundsale.nl/wp-content/uploads/2026/07/dbaudiotechnik-d80-2026-soundsale-1.jpg,3,,4,,5,,6,,7
soundsale.nl,https://soundsale.nl/product/lacoustics-la8-202511/,Onboard DSP,L-Acoustics LA8 R3 AES/EBU,54,2999.00,POA,EUR,L-Acoustics,,"PRODUCT DESCRIPTION
The L-Acoustics LA8 R3 with AES/EBU is a proven 4-channel amplified controller for L-Acoustics loudspeaker systems, combining amplification, DSP, protection and monitoring in one reliable 2U unit. Widely used in touring, rental and installation environments, the LA8 remains an industry-standard choice for professional system control. At Soundsale, every LA8 is part of our own stock, no broker listings or third-party uncertainty. Each unit is fully tested, inspected and approved by our in-house technicians, so we know exactly what we are selling. This certified pre-owned LA8 is supplied with a 3-month Soundsale warranty and is ready for immediate professional use.

WHAT'S INCLUDED?
1 x LA8 R3 AES/EBU.

PRODUCT DETAILS
Brand
L-Acoustics
Product category
Onboard DSP
Channels
4
Output power 4Ω/channel
1800 W
Output power 8Ω/channel
1100 W
Height
89 mm (2U)
Weight
12.2 kg",https://soundsale.nl/wp-content/uploads/2023/03/lacoustics-la8-r3-soundsale-4.jpg,1,https://soundsale.nl/wp-content/uploads/2023/03/lacoustics-la8-r3-soundsale-2.jpg,2,https://soundsale.nl/wp-content/uploads/2023/03/lacoustics-la8-r3-soundsale-3.jpg,3,https://soundsale.nl/wp-content/uploads/2023/03/lacoustics-la8-r2-soundsale-2.jpg,4,,5,,6,,7
soundsale.nl,https://soundsale.nl/product/lacoustics-la8-r2-2026/,Onboard DSP,L-Acoustics LA8 R2 AES/EBU,1,2699.00,POA,EUR,L-Acoustics,,"PRODUCT DESCRIPTION
The L-Acoustics LA8 R2 is a powerful 4-channel amplified controller designed to drive a wide range of L-Acoustics loudspeaker systems. Equipped with AES/EBU input, the LA8 R2 offers flexible integration into professional touring, rental and installation setups. This unit has been tested and approved by our in-house technicians and is ready for immediate professional use. Please note: due to the highly attractive pricing of this unit, it is supplied with a 7-day Soundsale warranty instead of our standard 3-month warranty. This gives you the opportunity to verify the unit after delivery while benefiting from a very competitive price.

WHAT'S INCLUDED?
1 x LA8 R2 AES/EBU.

PRODUCT DETAILS
Brand
L-Acoustics
Product category
Onboard DSP
Channels
4
Output power 4Ω/channel
1800 W
Output power 8Ω/channel
1100 W
Height
89 mm (2U)
Weight
12.2 kg",https://soundsale.nl/wp-content/uploads/2023/03/lacoustics-la8-r2-soundsale-4.jpg,1,https://soundsale.nl/wp-content/uploads/2023/03/lacoustics-la8-r3-soundsale-2.jpg,2,https://soundsale.nl/wp-content/uploads/2023/03/lacoustics-la8-r3-soundsale-3.jpg,3,https://soundsale.nl/wp-content/uploads/2023/03/lacoustics-la8-r2-soundsale-2.jpg,4,,5,,6,,7
soundsale.nl,https://soundsale.nl/product/lacoustics-wifobump-202627/,Accessories,L-Acoustics WIFOBUMP – set of 2,1,599.00,POA,EUR,L-Acoustics,,"PRODUCT DESCRIPTION
This set of 2 x L-Acoustics WIFOBUMP rigging frames is designed for professional deployment of compatible L-Acoustics WIFO loudspeaker systems. Built for safe and reliable suspension, the WIFOBUMP provides the necessary rigging support for touring, rental and installation applications.

WHAT'S INCLUDED?
2 x WIFOBUMP.

PRODUCT DETAILS
Brand
L-Acoustics
Product category
Accessories",https://soundsale.nl/wp-content/uploads/2026/07/lacoustics-wifobump-202627-soundsale-1.jpg,1,https://soundsale.nl/wp-content/uploads/2026/07/lacoustics-wifobump-202627-soundsale-3.jpg,2,https://soundsale.nl/wp-content/uploads/2026/07/lacoustics-wifobump-202627-soundsale-2.jpg,3,,4,,5,,6,,7
soundsale.nl,https://soundsale.nl/product/lacoustics-la48-2026/,Non-DSP,L-Acoustics LA48,1,899.00,POA,EUR,L-Acoustics,,"PRODUCT DESCRIPTION
This L-Acoustics LA48 amplifier is a professional power amplifier designed for use within L-Acoustics loudspeaker systems. The LA48 is a solid choice for users looking to complete, expand or maintain an existing L-Acoustics setup with original amplification. Its robust design and proven reliability make it suitable for rental companies, venues, installations and live sound professionals who still operate legacy L-Acoustics systems. This unit has been fully checked and tested by our in-house technicians to ensure reliable operation and professional performance. As with all Soundsale certified pre-owned products, this amplifier is supplied with a 3-month Soundsale warranty.

WHAT'S INCLUDED?
1 x LA48.

PRODUCT DETAILS
Brand
L-Acoustics
Product category
Non-DSP
Channels
2
Output power 2Ω/channel
2200 W
Output power 4Ω/channel
2100 W
Output power 8Ω/channel
1300 W
Height
89 mm (2U)
Weight
10 kg",https://soundsale.nl/wp-content/uploads/2020/07/lacoustics-la48-202105-soundsale-7.jpg,1,https://soundsale.nl/wp-content/uploads/2020/07/lacoustics-la48-202105-soundsale-6.jpg,2,https://soundsale.nl/wp-content/uploads/2020/07/lacoustics-la48-202105-soundsale-5.jpg,3,https://soundsale.nl/wp-content/uploads/2020/07/lacoustics-la48-202105-soundsale-1.jpg,4,https://soundsale.nl/wp-content/uploads/2020/07/lacoustics-la48-202105-soundsale-2.jpg,5,https://soundsale.nl/wp-content/uploads/2020/07/lacoustics-la48-202105-soundsale-3.jpg,6,https://soundsale.nl/wp-content/uploads/2020/07/lacoustics-la48-202105-soundsale-8.jpg,7
soundsale.nl,https://soundsale.nl/product/meyersound-upm1p/,Point source,Meyer Sound UPM-1P – set of 2,1,1899.00,POA,EUR,Meyer Sound,,"PRODUCT DESCRIPTION
The Meyer Sound UPM-1P is a remarkably compact, self-powered, professional sound reinforcement loudspeaker system. It is ideally suited to applications requiring a relatively small and inconspicuous loudspeaker that can also provide high sound pressure levels, extremely low distortion, and uniform directional control. As with all Soundsale products, these units are certified pre-owned, fully tested and approved by our in-house technicians, and supplied with a 3-month Soundsale warranty, ready for immediate professional use.

WHAT'S INCLUDED?
2 x UPM-1P.

PRODUCT DETAILS
Brand
Meyer Sound
Product category
Point source
Speaker type
Powered
Maximum SPL
118 dB
Frequency response
75 Hz – 20 kHz
Transducers
MF: 2 x 5"", HF: 1 x 1’’
Weight
10 kg",https://soundsale.nl/wp-content/uploads/2026/06/meyersound-upm1p-soundsale-3.jpg,1,https://soundsale.nl/wp-content/uploads/2026/06/meyersound-upm1p-soundsale-2.jpg,2,https://soundsale.nl/wp-content/uploads/2026/06/meyersound-upm1p-soundsale-1.jpg,3,,4,,5,,6,,7
soundsale.nl,https://soundsale.nl/product/qsc-e112-e118sw-gxd8/,Set,QSC E112 (2) + E118sw (2) + GXD8 (2) – NEW IN BOX,6,4199.00,POA,EUR,QSC,,"PRODUCT DESCRIPTION
This complete QSC E-Series sound system is available brand new in original packaging and offers a powerful, flexible solution for live sound, DJ setups, rental companies, events and fixed installations. The system consists of QSC E112 loudspeakers, E118sw subwoofers and QSC GXD8 amplifiers. The combination of the compact E112 tops, powerful E118sw subwoofers and matching GXD8 amplification delivers a reliable PA system with plenty of output, strong low-end performance and the trusted build quality QSC is known for. The included E-Series loudspeakers are supplied with 3-year warranty. QSC GXD8 amplifiers are supplied with 6-year warranty. Alternative configurations are also available on request, including setups with QSC GXD4 amplifiers or QSC E115 loudspeakers. Looking for a different QSC E-Series setup? Please contact us for a tailored offer.

WHAT'S INCLUDED?
2 x E112 (new);
2 x E118sw (new);
2 x GXD8 (new).

PRODUCT DETAILS
Brand
QSC
Product category
Set
Speaker type
Passive
E112
Components – LF: 1 x 12’’ HF: 1 x 1.75’’
Usable bandwidth – 46 Hz – 20 kHz
Maximum SPL – 128 dB
Impedance – 8 Ω
Weight – 23 kg
E118sw
Components – LF: 1 x 12’’ HF: 1 x 1.75’’
Usable bandwidth – > 32 Hz
Maximum SPL – 133 dB
Impedance – 4 Ω
Weight – 43 kg
GXD8
Channels – 2
Output power 4Ω/channel – 1200 W
Output power 8Ω/channel – 800 W
Height – 2U
Weight – 6 kg",https://soundsale.nl/wp-content/uploads/2026/06/qsc-eseries-soundsale-1.jpg,1,https://soundsale.nl/wp-content/uploads/2026/06/qsc-e112-luidspreker-speaker-audiosolvation-1.jpg,2,https://soundsale.nl/wp-content/uploads/2026/06/qsc-e118sw-luidspreker-speaker-audiosolvation-1.jpg,3,https://soundsale.nl/wp-content/uploads/2026/06/qsc-gxd8-versterker-amplifier-audiosolvation-1.jpg,4,https://soundsale.nl/wp-content/uploads/2026/06/qsc-gxd8-versterker-amplifier-audiosolvation-3.jpg,5,https://soundsale.nl/wp-content/uploads/2026/06/qsc-e110-luidspreker-speaker-audiosolvation-9.jpg,6,,7
soundsale.nl,https://soundsale.nl/product/martinaudio-synco-w8cl-rrsub/,Line array,Martin Audio Synco W8LC (12) + STS RR Sub (24) System,2,30999.00,POA,EUR,Martin Audio,,"PRODUCT DESCRIPTION
Designed for demanding touring and large-scale live sound applications, this system delivers the powerful and musical character Martin Audio systems are known for. The combination of W8LC line array modules and STS RR subwoofers provides high output, strong low-frequency performance and excellent coverage for festivals, events and large venues. This package offers a complete and ready-to-deploy solution for rental companies, event suppliers and professional audio productions. Optional: A 3-month Soundsale warranty is available at additional cost.

WHAT'S INCLUDED?
12 x W8LC (6 x SR Stage-Right + 6 x SL Stage-Left including dolly;
1 x Frame Set;
24 x STS RR Sub including front plate;
1 x W8LC Master Rack with:
1 x XTA DP226;
1 x MA4.2S (Lab Gruppen)
2 x MA2.8S (Lab Gruppen).
1 x W8LC Slave Rack with:
1 x MA4.2S (Lab Gruppen)
2 x MA2.8S (Lab Gruppen).
1 x Synco Sub Quad Master Rack;
2 x MA4.2S (Lab Gruppen)
2 x Sub Slave Rack:
1 x MA4.2S (Lab Gruppen).

PRODUCT DETAILS
Brand
Martin Audio
Product category
Line array
W8LC
Components – LF: 12"" Hybrid® bass horn loaded MF: 2 x 6.5""coil drivers, horn loaded HF: 3 x 1"" HF compression drivers, horn loaded
Usable bandwidth – 60Hz-18kHz ± 3dB
Maximum SPL – 135 dB
Weight – 58 kg
STS RR Sub
Components – 18” PHL Audio Driver,
Impedance – 8 Ω
Power rating RMS/peak – 1000 W
Usable bandwidth – > 32 Hz
Maximum SPL – 132 dB
Weight – 52.6 kg",https://soundsale.nl/wp-content/uploads/2026/05/martinaudio-w8lc-synco-rrsub-soundsale-8.jpg,1,https://soundsale.nl/wp-content/uploads/2026/05/martinaudio-w8lc-synco-rrsub-soundsale-7.jpg,2,https://soundsale.nl/wp-content/uploads/2026/05/martinaudio-w8lc-synco-rrsub-soundsale-3.jpg,3,https://soundsale.nl/wp-content/uploads/2026/05/martinaudio-w8lc-synco-rrsub-soundsale-11.jpg,4,https://soundsale.nl/wp-content/uploads/2026/05/martinaudio-w8lc-synco-rrsub-soundsale-1.jpg,5,https://soundsale.nl/wp-content/uploads/2026/05/martinaudio-w8lc-synco-rrsub-soundsale-10.jpg,6,,7
soundsale.nl,https://soundsale.nl/product/martinaudio-synco-w8lc-set2/,Line array,Martin Audio Synco W8LC – set of 16,1,23999.00,POA,EUR,Martin Audio,,"PRODUCT DESCRIPTION
Designed for touring and large-scale sound reinforcement applications, the W8LC is known for its powerful output, musical character and reliable performance. The combination of SL (Stage-Left) and SR (Stage-Right) enclosures ensures proper array configuration and consistent coverage. This package offers a complete and ready-to-deploy solution for rental companies, event suppliers and professional audio productions. Optional: A 3-month Soundsale warranty is available at additional cost.

WHAT'S INCLUDED?
16 x W8LC (8 x SL + 8 x SR) including dolly;
1 x Frame Set;
2 x Master Rack with:
1 x XTA DP226;
1 x MA4.2S (Lab Gruppen)
2 x MA2.8S (Lab Gruppen).
1 x Slave Rack with:
1 x MA4.2S (Lab Gruppen)
2 x MA2.8S (Lab Gruppen).

PRODUCT DETAILS
Brand
Martin Audio
Product category
Line array
Speaker type
Passive
Maximum SPL
135 dB
Frequency response
60Hz-18kHz ± 3dB
Transducers
LF: 12"" Hybrid® bass horn loaded
MF: 2 x 6.5""coil drivers, horn loaded
HF: 3 x 1"" HF compression drivers, horn loaded
Weight
58 kg",https://soundsale.nl/wp-content/uploads/2026/05/martinaudio-w8lc-set2-soundsale-2.jpg,1,https://soundsale.nl/wp-content/uploads/2026/05/martinaudio-w8lc-set2-soundsale-3.jpg,2,,3,,4,,5,,6,,7
soundsale.nl,https://soundsale.nl/product/martinaudio-w8lc-set1/,Line array,Martin Audio Synco W8LC – set of 12,4,17500.00,POA,EUR,Martin Audio,,"PRODUCT DESCRIPTION
Designed for touring and large-scale sound reinforcement applications, the W8LC is known for its powerful output, musical character and reliable performance. The combination of SL (Stage-Left) and SR (Stage-Right) enclosures ensures proper array configuration and consistent coverage. This package offers a complete and ready-to-deploy solution for rental companies, event suppliers and professional audio productions. Optional: A 3-month Soundsale warranty is available at additional cost.

WHAT'S INCLUDED?
12 x W8LC (6 x SL + 6 x SR) including dolly;
1 x Frame Set;
1 x Master Rack with:
1 x XTA DP226;
1 x MA4.2S (Lab Gruppen)
2 x MA2.8S (Lab Gruppen).
1 x Slave Rack with:
1 x MA4.2S (Lab Gruppen)
2 x MA2.8S (Lab Gruppen).

PRODUCT DETAILS
Brand
Martin Audio
Product category
Line array
Speaker type
Passive
Maximum SPL
135 dB
Frequency response
60Hz-18kHz ± 3dB
Transducers
LF: 12"" Hybrid® bass horn loaded
MF: 2 x 6.5""coil drivers, horn loaded
HF: 3 x 1"" HF compression drivers, horn loaded
Weight
58 kg",https://soundsale.nl/wp-content/uploads/2026/05/martinaudio-w8lc-set1-soundsale-3.jpg,1,https://soundsale.nl/wp-content/uploads/2026/05/martinaudio-w8lc-set1-soundsale-1.jpg,2,,3,,4,,5,,6,,7
soundsale.nl,https://soundsale.nl/product/lacoustics-k1-2026/,Line array,L-Acoustics K1 – set of 24 – New Color,1,349000.00,POA,EUR,L-Acoustics,,"PRODUCT DESCRIPTION
These relatively young units (2022/2025) feature the newer L-Acoustics color and textured finish in dark grey brown (Pantone 426 C). This complete L-Acoustics K1 system consists of 24 x K1 line array modules in the recent dark grey brown finish (Pantone 426 C), offering a modern appearance and a relatively young system age. Designed for large-scale touring productions, festivals and high-profile events, the K1 remains one of the most respected line array systems in professional audio, known for its exceptional output, clarity and long-throw performance. As with all Soundsale products, this system is offered as certified pre-owned. All components have been fully tested and approved by our in-house technicians and are supplied with a 3-month Soundsale warranty, ensuring the system is ready for immediate deployment. An outstanding opportunity to acquire a complete and relatively young K1 package in the latest finish, fully equipped for professional touring use. Optional available are KS28 subwoofers and LA-RAK II AVB amplifier racks. Ask us for more information.

WHAT'S INCLUDED?
24 x K1;
6 x K1-CHARIOT;
6 x K1-CHARIOTVOC;
4 x K1-BUMP with rigging bar.

PRODUCT DETAILS
Brand
L-Acoustics
Product category
Line array
Speaker type
Passive
Maximum SPL
149 dB
Frequency response
35 Hz – 20 kHz
Transducers
LF: 2 × 15"" neodymium
MF: 4 × 6.5"" neodymium, direct-radiating
HF: 3 × 3"" diaphragm compression drivers
Weight
106 kg",https://soundsale.nl/wp-content/uploads/2026/05/lacoustics-k1-2026-soundsale-7.jpg,1,https://soundsale.nl/wp-content/uploads/2026/05/lacoustics-k1-2026-soundsale-10.jpg,2,https://soundsale.nl/wp-content/uploads/2026/05/lacoustics-k1-2026-soundsale-11.jpg,3,https://soundsale.nl/wp-content/uploads/2026/05/lacoustics-k1-2026-soundsale-12.jpg,4,https://soundsale.nl/wp-content/uploads/2026/05/lacoustics-k1-2026-soundsale-13.jpg,5,https://soundsale.nl/wp-content/uploads/2026/05/lacoustics-k1-2026-soundsale-15.jpg,6,https://soundsale.nl/wp-content/uploads/2026/05/lacoustics-k1-2026-soundsale-2.jpg,7
soundsale.nl,https://soundsale.nl/product/adamson-p215/,Subwoofer,Adamson P215 – set of 2,1,2499.00,POA,EUR,Adamson,,"PRODUCT DESCRIPTION
This set of 2 x Adamson P215 subwoofers delivers powerful and controlled low-frequency performance for demanding touring and event applications. Each subwoofer is supplied with its own dolly plate for easy transport and handling. Known for their high output and musical low-end response, the P215 subwoofers are an excellent choice for rental companies and production professionals looking for proven Adamson performance. As with all Soundsale products, these units are offered as certified pre-owned, fully tested and approved by our in-house technicians, and supplied with a 3-month Soundsale warranty. Optional: A matching Lab Gruppen PLM 20000Q is available with this set.

WHAT'S INCLUDED?
2 x P215 including dolly plate.

PRODUCT DETAILS
Brand
Adamson
Product category
Subwoofer
Speaker type
Passive
Maximum SPL
136.3 dB
Nominal impedance
4 Ω
Frequency response
> 40 Hz
Transducers
2x ND15-S 15” Kevlar Neodymium Driver
Weight
47 kg",https://soundsale.nl/wp-content/uploads/2025/12/adamson-p215-soundsale-2.jpg,1,https://soundsale.nl/wp-content/uploads/2025/12/adamson-p215-soundsale-1.jpg,2,https://soundsale.nl/wp-content/uploads/2025/12/adamson-p215-soundsale-4.jpg,3,https://soundsale.nl/wp-content/uploads/2025/12/adamson-p215-soundsale-5.jpg,4,https://soundsale.nl/wp-content/uploads/2025/12/adamson-p215-soundsale-6.jpg,5,https://soundsale.nl/wp-content/uploads/2025/12/adamson-p215-soundsale-3.jpg,6,,7
soundsale.nl,https://soundsale.nl/product/lacoustics-12xt-202551/,"Point source, Stage monitor",L-Acoustics 12XT,1,999.00,POA,EUR,L-Acoustics,,"PRODUCT DESCRIPTION
This offering includes 1 x L-Acoustics 12XT loudspeaker and a flightcase designed to hold two units. Ideal for users looking to expand an existing inventory while benefiting from a high-quality transport solution. The 12XT is a versatile coaxial loudspeaker known for its clarity, power and flexible deployment in FOH, monitoring and installation applications. This unit is offered as certified pre-owned, fully tested and approved by our in-house technicians, and supplied with a 3-month Soundsale warranty.

WHAT'S INCLUDED?
1 x 12XT;
1 x flightcase.

PRODUCT DETAILS
Brand
L-Acoustics
Product category
Point source, Stage monitor
Speaker type
Passive
Maximum SPL
133 dB
Frequency response
55 Hz – 20 kHz
Transducers
LF: 1 × 12″cone driver, HF: 1 × 3″diaphragm compression driver
Weight
29 kg
Dimensions (W × H × D)
410 x 540 x 389 mm",https://soundsale.nl/wp-content/uploads/2025/12/lacoustics-12xt-single-soundsale-6.jpg,1,https://soundsale.nl/wp-content/uploads/2025/12/lacoustics-12xt-single-soundsale-9.jpg,2,https://soundsale.nl/wp-content/uploads/2025/12/lacoustics-12xt-single-soundsale-1.jpg,3,https://soundsale.nl/wp-content/uploads/2025/12/lacoustics-12xt-single-soundsale-2.jpg,4,https://soundsale.nl/wp-content/uploads/2025/12/lacoustics-12xt-single-soundsale-3.jpg,5,https://soundsale.nl/wp-content/uploads/2025/12/lacoustics-12xt-single-soundsale-4.jpg,6,https://soundsale.nl/wp-content/uploads/2025/12/lacoustics-12xt-single-soundsale-5.jpg,7
soundsale.nl,https://soundsale.nl/product/ev-dcone-2026/,Outboard,Electro-Voice DC-One,1,450.00,POA,EUR,Electro-Voice,,"PRODUCT DESCRIPTION
The Electro-Voice DC-One is a digital loudspeaker controller designed for system processing, crossover management and signal optimization in professional audio setups. It offers flexible routing and processing options, making it suitable for both live sound and installation environments. Known for its reliability and ease of use, the DC-One is a practical solution for optimizing system performance and protecting loudspeakers. This unit is offered as certified pre-owned, has been fully tested and approved by our in-house technicians, and comes with a 3-month Soundsale warranty, ready for immediate deployment.

WHAT'S INCLUDED?
1 x DC-One.

PRODUCT DETAILS
Brand
Electro-Voice
Product category
Outboard",https://soundsale.nl/wp-content/uploads/2026/04/ev-dcone-2026-soundsale-1.jpg,1,https://soundsale.nl/wp-content/uploads/2026/04/ev-dcone-2026-soundsale-2.jpg,2,https://soundsale.nl/wp-content/uploads/2026/04/ev-dcone-2026-soundsale-3.jpg,3,https://soundsale.nl/wp-content/uploads/2026/04/ev-dcone-2026-soundsale-4.jpg,4,,5,,6,,7
soundsale.nl,https://soundsale.nl/product/lacoustics-wifoliftbar-wifolift/,Accessories,L-Acoustics WIFOLIFTBAR (2) + WIFOLIFT (4),2,599.00,POA,EUR,L-Acoustics,,"PRODUCT DESCRIPTION
This complete L-Acoustics lifting set includes 2 x WIFOLIFTBAR and 4 x WIFOLIFT units, designed for safe and efficient handling of L-Acoustics ARCS WIFO array systems during setup and rigging. Built to meet professional touring standards, this system provides reliable lifting and positioning capabilities for demanding production environments.

WHAT'S INCLUDED?
2 x WIFOLIFTBAR;
4 x WIFOLIFT;
1 x case.

PRODUCT DETAILS
Brand
L-Acoustics
Product category
Accessories",https://soundsale.nl/wp-content/uploads/2026/04/lacoustics-lift-liftbar-soundsale-2.jpg,1,https://soundsale.nl/wp-content/uploads/2026/04/lacoustics-lift-liftbar-soundsale-3.jpg,2,https://soundsale.nl/wp-content/uploads/2026/04/lacoustics-lift-liftbar-soundsale-1.jpg,3,,4,,5,,6,,7
soundsale.nl,https://soundsale.nl/product/adsystems-neocraft/,Set,AD Systems NEOcraft Sound System,1,24500.00,POA,EUR,AD Systems,,"PRODUCT DESCRIPTION
This complete AD Systems system consists of NEOcraft C-30 top cabinets, B-30 bass modules, B-218 subwoofers, RAM Audio BUX II amplifiers, and a DSC28 processor. It is a full professional sound reinforcement package built around the AD Systems NEOcraft series, making it an interesting option for rental companies, fixed installations, or project-based applications looking for a distinctive and capable system. Set is including AD Systems DSC28 processor. Xilica processors not included.

WHAT'S INCLUDED?
12 x C-30 top;
12 x B-30 mid/low;
12 x B-218 subwoofer;
6 x BUX II 6.0 amplifier;
8 x BUX II 3.0 amplifier;
1 x DSC28 processor;

PRODUCT DETAILS
Brand
AD Systems
Product category
Set
Speaker type
Passive
C-30
Components: 2 x 10"" + 1 x 1.4""
Power handling: 500 W
Max. input power: 800 W
Frequency response: 40 Hz – 18 kHz
Dispersion: 30° x 30°
Max SPL: 141 dB
Crossover: 1600 Hz
Impedance: 8 Ohm
B-30
Components: 1 x 15""
Power handling: 600 W
Frequency response: 40 Hz – 300 Hz
Max SPL: 134 dB
Crossover: 200 Hz
Impedance: 8 Ohm
B-218
Components: 2 x 18""
Power handling: 2000 W RMS / 3000 W peak
Frequency response: 30 Hz – 300 Hz
Max SPL: 138 dB
Impedance: 4 Ohm",https://soundsale.nl/wp-content/uploads/2026/04/adsystems-neocraft-soundsale-20.jpg,1,https://soundsale.nl/wp-content/uploads/2026/04/adsystems-neocraft-soundsale-9.jpg,2,https://soundsale.nl/wp-content/uploads/2026/04/adsystems-neocraft-soundsale-8.jpg,3,https://soundsale.nl/wp-content/uploads/2026/04/adsystems-neocraft-soundsale-7.jpg,4,https://soundsale.nl/wp-content/uploads/2026/04/adsystems-neocraft-soundsale-11.jpg,5,https://soundsale.nl/wp-content/uploads/2026/04/adsystems-neocraft-soundsale-12.jpg,6,https://soundsale.nl/wp-content/uploads/2026/04/adsystems-neocraft-soundsale-10.jpg,7
soundsale.nl,https://soundsale.nl/product/stolpcase-amplifierrack/,Others,Stolp case + inner amplifier racks,3,199.00,POA,EUR,Soundsale,,"PRODUCT DESCRIPTION
These professional stolp case with inner cases/racks are designed to safely transport and protect audio equipment during touring, rental and event use. The sturdy construction ensures reliable protection against transport damage while allowing efficient handling and storage. Availability may vary, please check the photos and contact us for details.

WHAT'S INCLUDED?
1 x stolp case;
.5 x inner rack (2HE/3HE).

PRODUCT DETAILS
Brand
Soundsale
Product category
Others",https://soundsale.nl/wp-content/uploads/2026/03/flightcase-stolp-sounndsale-8.jpg,1,https://soundsale.nl/wp-content/uploads/2026/03/flightcase-stolp-sounndsale-3.jpg,2,https://soundsale.nl/wp-content/uploads/2026/03/flightcase-stolp-sounndsale-5.jpg,3,https://soundsale.nl/wp-content/uploads/2026/03/flightcase-stolp-sounndsale-6.jpg,4,https://soundsale.nl/wp-content/uploads/2026/03/flightcase-stolp-sounndsale-7.jpg,5,https://soundsale.nl/wp-content/uploads/2026/03/flightcase-stolp-sounndsale-1.jpg,6,https://soundsale.nl/wp-content/uploads/2026/03/flightcase-stolp-sounndsale-2.jpg,7
soundsale.nl,https://soundsale.nl/product/qsc-ap212sw/,Subwoofer,QSC AP-212sw,12,936.00,POA,EUR,QSC,,"PRODUCT DESCRIPTION
The QSC AP-212sw is a compact yet powerful subwoofer from the QSC AcousticPerformance series, designed to deliver deep and controlled low-frequency performance in professional installation environments. With its dual 12″ driver configuration, the AP-212sw provides strong bass reinforcement for venues such as theatres, clubs, houses of worship and live event spaces. This unit is brand new and supplied in its original packaging, making it ideal for system integrators and production companies looking for reliable low-frequency support in a professional audio setup. Price per piece, sold by pair.

WHAT'S INCLUDED?
1 x AP-212sw.

PRODUCT DETAILS
Brand
QSC
Product category
Subwoofer
Speaker type
Passive
Maximum SPL
135 dB
Frequency response
> 35 Hz
Transducers
LF: 2 x 12""
Dimensions (W x H x D)
516 x 744 x 724 mm
Weight
29.7 kg",https://soundsale.nl/wp-content/uploads/2026/03/qsc-ap4122m-ap212sw-soundsale-6.jpg,1,https://soundsale.nl/wp-content/uploads/2026/03/qsc-ap4122m-ap212sw-soundsale-7.jpg,2,https://soundsale.nl/wp-content/uploads/2026/03/qsc-ap4122m-ap212sw-soundsale-5.jpg,3,https://soundsale.nl/wp-content/uploads/2026/03/qsc-ap4122m-ap212sw-soundsale-8.jpg,4,,5,,6,,7
soundsale.nl,https://soundsale.nl/product/qsc-ap4122m-ap212sw/,"Point source, Set, Subwoofer",QSC AP-4122m (2) + AP-212sw (2),3,3850.00,POA,EUR,QSC,,"PRODUCT DESCRIPTION
This complete QSC AcousticPerformance system consists of 2 x AP-4122m loudspeakers and 2 x AP-212sw subwoofers, delivering a powerful and well-balanced sound solution suitable for venues, live events and installation environments. The AP-4122m loudspeakers provide clear mid/high performance and can be used as compact FOH speakers or stage monitors, while the dual-12″ AP-212sw subwoofers deliver deep, controlled low-frequency reinforcement. Together they form a versatile PA system capable of handling a wide range of professional audio applications. All units are brand new and supplied in original packaging, ensuring they are ready for installation or immediate deployment in professional environments.

WHAT'S INCLUDED?
2 x AP-4122;
2 x AP-212sw.

PRODUCT DETAILS
Brand
QSC
Product category
Point source, Set, Subwoofer
Speaker type
Passive
AP-4122m
Components – coaxial 12"" / 2.5""
Power rating RMS – 325 W
Usable bandwidth – 55 Hz – 20 kHz
Maximum SPL – 133 dB
Impedance – 4 Ω
Dimensions (W x H x D) – 385 x 510 x 370 mm
Weight – 18.1 kg
AP-212sw
Components – 2 x 12""
Power rating RMS – 600 W
Usable bandwidth – > 35 Hz
Maximum SPL – 133 dB
Impedance – 4 Ω
Dimensions (W x H x D) – 381 x 660 x 610 mm
Weight – 29.7 kg",https://soundsale.nl/wp-content/uploads/2026/03/qsc-ap4122m-ap212sw-soundsale-1.jpg,1,https://soundsale.nl/wp-content/uploads/2026/03/qsc-ap4122m-ap212sw-soundsale-2.jpg,2,https://soundsale.nl/wp-content/uploads/2026/03/qsc-ap4122m-ap212sw-soundsale-3.jpg,3,https://soundsale.nl/wp-content/uploads/2026/03/qsc-ap4122m-ap212sw-soundsale-4.jpg,4,https://soundsale.nl/wp-content/uploads/2026/03/qsc-ap4122m-ap212sw-soundsale-8.jpg,5,https://soundsale.nl/wp-content/uploads/2026/03/qsc-ap4122m-ap212sw-soundsale-5.jpg,6,,7
soundsale.nl,https://soundsale.nl/product/qsc-ap5152/,Point source,QSC AP-5152,12,1080.00,POA,EUR,QSC,,"PRODUCT DESCRIPTION
The QSC AP-5152 is a powerful two-way loudspeaker from the QSC AcousticPerformance series, designed for high-output installation environments such as theatres, venues, clubs and houses of worship. Featuring a large-format low-frequency driver and a precision high-frequency compression driver, the AP-5152 delivers strong output, excellent clarity and controlled coverage. All units are brand new and supplied in original packaging, ensuring they are ready for installation or immediate deployment in professional environments. Price per piece, sold per pair.

WHAT'S INCLUDED?
1 x AP-5152 White

PRODUCT DETAILS
Brand
QSC
Product category
Point source
Speaker type
Passive
Maximum SPL
135 dB
Frequency response
44 Hz – 18 kHz
Transducers
LF: 1 x 15’’, HF: 1 x 3’’ compression driver
Weight
36.2 kg",https://soundsale.nl/wp-content/uploads/2026/03/qsc-ap5152-soundsale-4.jpg,1,https://soundsale.nl/wp-content/uploads/2026/03/qsc-ap5152-soundsale-5.jpg,2,https://soundsale.nl/wp-content/uploads/2026/03/qsc-ap5152-soundsale-3.jpg,3,https://soundsale.nl/wp-content/uploads/2026/03/qsc-ap5152-soundsale-2.jpg,4,,5,,6,,7
soundsale.nl,https://soundsale.nl/product/lacoustics-arcbump/,Accessories,L-Acoustics ARCBUMP – set of 2,6,699.00,POA,EUR,L-Acoustics,,"PRODUCT DESCRIPTION
The L-Acoustics ARCBUMP is a rigging accessory for flying up to 4 ARCS / ARCS II in the horizontal orientation.

WHAT'S INCLUDED?
2 x ARCBUMP.

PRODUCT DETAILS
Brand
L-Acoustics
Product category
Accessories",https://soundsale.nl/wp-content/uploads/2026/03/lacoustics-arcbump-soundsale-1.jpg,1,https://soundsale.nl/wp-content/uploads/2026/03/lacoustics-arcbump-soundsale-2.jpg,2,https://soundsale.nl/wp-content/uploads/2026/03/lacoustics-arcbump-soundsale-3.jpg,3,https://soundsale.nl/wp-content/uploads/2026/03/lacoustics-arcbump-soundsale-4.jpg,4,https://soundsale.nl/wp-content/uploads/2026/03/lacoustics-arcbump-soundsale-5.jpg,5,,6,,7
soundsale.nl,https://soundsale.nl/product/dbtechnologies-viox15/,Point source,dBTechnologies VIO X15 – set of 2,1,2899.00,POA,EUR,dB Technologies,,"PRODUCT DESCRIPTION
The dB Technologies VIO X15 is a high-performance active loudspeaker designed for professional touring and installation applications. Featuring a powerful Class-D Digipro amplifier and a premium coaxial design with a 15″ woofer and 1.4″ compression driver, the VIO X15 delivers exceptional SPL, precise coverage and outstanding audio clarity for demanding live sound environments. Including covers and brackets. As with all Soundsale products, these units are certified pre-owned, fully tested and approved by our in-house technicians, and supplied with a 3-month Soundsale warranty, ready for immediate professional use.

WHAT'S INCLUDED?
2 x VIO X15;
including covers and brackets.

PRODUCT DETAILS
Brand
dB Technologies
Product category
Point source
Speaker type
Powered
Maximum SPL
133 dB
Frequency response
55 Hz – 22 kHz
Transducers
LF: 1 x 15"", HF: 1 x 1.4’’
Weight
25.4 kg",https://soundsale.nl/wp-content/uploads/2026/03/dbtechnologies-viox15-soundsale-6.jpg,1,https://soundsale.nl/wp-content/uploads/2026/03/dbtechnologies-viox15-soundsale-4.jpg,2,https://soundsale.nl/wp-content/uploads/2026/03/dbtechnologies-viox15-soundsale-3.jpg,3,https://soundsale.nl/wp-content/uploads/2026/03/dbtechnologies-viox15-soundsale-5.jpg,4,https://soundsale.nl/wp-content/uploads/2026/03/dbtechnologies-viox15-soundsale-2.jpg,5,https://soundsale.nl/wp-content/uploads/2026/03/dbtechnologies-viox15-soundsale-1.jpg,6,,7
soundsale.nl,https://soundsale.nl/product/dynacord-d8a/,Point source,Dynacord D 8A – set of 2,3,999.00,POA,EUR,Dynacord,,"PRODUCT DESCRIPTION
The Dynacord D 8A is a compact high-performance active loudspeaker designed for professional sound reinforcement. Equipped with a powerful Class-D amplifier and a high-efficiency 8″ woofer combined with a 1″ compression driver, the D8A delivers excellent clarity and punch in a compact enclosure. Its lightweight design and versatile mounting options make it ideal for portable PA systems, installations, front-fill, or monitoring applications. As with all Soundsale products, these units are certified pre-owned, fully tested and approved by our in-house technicians, and supplied with a 3-month Soundsale warranty, ready for immediate professional use.

WHAT'S INCLUDED?
2 x D 8A.

PRODUCT DETAILS
Brand
Dynacord
Product category
Point source
Speaker type
Powered
Maximum SPL
123 dB
Frequency response
56 Hz – 20 kHz
Transducers
LF: 1 x 8"", HF: 1 x 1’’
Weight
9 kg",https://soundsale.nl/wp-content/uploads/2026/03/dynacord-d8a-soundsale-1.jpg,1,https://soundsale.nl/wp-content/uploads/2026/03/dynacord-d8a-soundsale-2.jpg,2,https://soundsale.nl/wp-content/uploads/2026/03/dynacord-d8a-soundsale-3.jpg,3,,4,,5,,6,,7
soundsale.nl,https://soundsale.nl/product/digico-s31-drack/,Digital,DiGiCo S31+ + D-Rack 32/8 + DMI-MADI,1,8250.00,POA,EUR,DiGiCo,,"PRODUCT DESCRIPTION
Professional DiGiCo S31+ digital mixing system including D-Rack 32/8 stagebox and both DMI-MADI-B and DMI-MADI-C interface cards. The unit includes the S31+ software channel upgrade to 60 channels. This powerful and flexible mixing platform delivers legendary DiGiCo sound quality, advanced processing and seamless integration for touring, broadcast and installation environments. As with all Soundsale products, this console is offered as certified pre-owned, having been fully tested, inspected and approved by our in-house technicians. It is supplied with a 3-month Soundsale warranty, ensuring it is ready for immediate professional use.

WHAT'S INCLUDED?
1 x S31+ (with software channel upgrade);
1 x D-Rack 32/8;
1 x DMI-MADI-B interface card

PRODUCT DETAILS
Brand
DiGiCo
Product category
Digital
Dimensions (W x H x D)
1023 x 295 x 586 mm (console)
Weight
25 kg (console)",https://soundsale.nl/wp-content/uploads/2026/02/digico-s31-soundsale-3.jpg,1,https://soundsale.nl/wp-content/uploads/2026/02/digico-s31-soundsale-2.jpg,2,https://soundsale.nl/wp-content/uploads/2026/02/digico-s31-soundsale-1.jpg,3,https://soundsale.nl/wp-content/uploads/2026/02/digico-s31-soundsale-4.jpg,4,https://soundsale.nl/wp-content/uploads/2026/02/digico-s31-soundsale-5.jpg,5,https://soundsale.nl/wp-content/uploads/2026/02/digico-s31-soundsale-6.jpg,6,https://soundsale.nl/wp-content/uploads/2026/02/digico-s31-soundsale-7.jpg,7
soundsale.nl,https://soundsale.nl/product/behringer-x32/,Digital,Behringer X32 Compact,1,950.00,POA,EUR,Behringer,,"PRODUCT DESCRIPTION
The Behringer X32 Compact is a powerful digital mixing console combining professional processing, flexible routing and intuitive workflow in a compact format. With 16 MIDAS-designed preamps, motorized faders and full remote control capability, it is ideal for live sound, touring and installations. The console is supplied in a protective flightcase, ensuring safe transport and reliable use in touring and rental environments. As with all Soundsale products, this unit is certified pre-owned, fully tested and approved by our in-house technicians, and supplied with a 3-month Soundsale warranty – ready for immediate professional use.

WHAT'S INCLUDED?
1 x X32 compact in flightcase;
1 x dust cap.

PRODUCT DETAILS
Brand
Behringer
Product category
Digital
Dimensions (W x H x D)
625 x 215 x 510 mm (console)
Weight
15.4 kg (console)",https://soundsale.nl/wp-content/uploads/2026/02/behringer-x32-soundsale-3.jpg,1,https://soundsale.nl/wp-content/uploads/2026/02/behringer-x32-soundsale-4.jpg,2,https://soundsale.nl/wp-content/uploads/2026/02/behringer-x32-soundsale-1.jpg,3,https://soundsale.nl/wp-content/uploads/2026/02/behringer-x32-soundsale-6.jpg,4,https://soundsale.nl/wp-content/uploads/2026/02/behringer-x32-soundsale-7.jpg,5,,6,,7
soundsale.nl,https://soundsale.nl/product/labgruppen-fp7000/,Non-DSP,Lab Gruppen FP 7000,1,1999.00,POA,EUR,Lab.gruppen,,"PRODUCT DESCRIPTION
The Lab Gruppen FP 7000 is a proven touring-grade power amplifier delivering strong output, efficiency and long-term reliability. A popular choice for professional sound reinforcement, the FP 7000 is well suited for driving high-performance loudspeaker systems in rental, touring and fixed installations. As a certified pre-owned unit, it has been fully tested and approved by our technical team and is supplied with a 3-month Soundsale warranty, ensuring it is ready for immediate professional deployment.

WHAT'S INCLUDED?
1 x FP7000.

PRODUCT DETAILS
Brand
Lab.gruppen
Product category
Non-DSP
Channels
4
Output power 4Ω/channel
2800 W
Output power 8Ω/channel
1450 W
Height
89 mm (2U)
Weight
12 kg",https://soundsale.nl/wp-content/uploads/2025/12/labgruppen-fp7000-soundsale-1.jpg,1,https://soundsale.nl/wp-content/uploads/2025/12/labgruppen-fp7000-soundsale-2.jpg,2,https://soundsale.nl/wp-content/uploads/2025/12/labgruppen-fp7000-soundsale-3.jpg,3,,4,,5,,6,,7
soundsale.nl,https://soundsale.nl/product/labgruppen-fp10000q-202552/,Non-DSP,Lab Gruppen FP 10000Q,1,2350.00,POA,EUR,Lab.gruppen,,"PRODUCT DESCRIPTION
The Lab Gruppen FP 10000Q is a high-output, 4-channel power amplifier known for its exceptional efficiency, reliability and sound quality. Widely used in touring and professional PA systems, it delivers consistent power performance in demanding live sound applications. This amplifier is offered as certified pre-owned, has been fully tested and approved in-house, and comes with a 3-month Soundsale warranty, making it a solid choice for rental companies, production houses and venues.

WHAT'S INCLUDED?
1 x FP10000Q.

PRODUCT DETAILS
Brand
Lab.gruppen
Product category
Non-DSP
Channels
4
Output power 4Ω/channel
2100 W
Output power 8Ω/channel
1300 W
Height
89 mm (2U)
Weight
12 kg",https://soundsale.nl/wp-content/uploads/2025/12/labgruppen-fp10000q-202552-soundsale-3.jpg,1,https://soundsale.nl/wp-content/uploads/2025/12/labgruppen-fp10000q-202552-soundsale-2.jpg,2,https://soundsale.nl/wp-content/uploads/2025/12/labgruppen-fp10000q-202552-soundsale-1.jpg,3,,4,,5,,6,,7
soundsale.nl,https://soundsale.nl/product/lacoustics-la4-202551/,Onboard DSP,L-Acoustics LA4,20,1999.00,POA,EUR,L-Acoustics,,"PRODUCT DESCRIPTION
The L-Acoustics LA4 is a reliable and compact amplified controller designed to drive a wide range of L-Acoustics loudspeaker systems. Offering precise system control and consistent performance, the LA4 is well suited for touring, rental and installation applications where dependability is key. As with all Soundsale products, this unit is offered as certified pre-owned, having been fully tested, inspected and approved by our in-house technicians. Supplied with a 3-month Soundsale warranty, the LA4 is ready for immediate professional use.

WHAT'S INCLUDED?
1 x LA4.

PRODUCT DETAILS
Brand
L-Acoustics
Product category
Onboard DSP
Channels
4
Output power 4Ω/channel
1000 W
Output power 8Ω/channel
800 W
Height
89 mm (2U)
Weight
11.1 kg",https://soundsale.nl/wp-content/uploads/2020/11/lacoustics-la4-soundsale-03.jpg,1,https://soundsale.nl/wp-content/uploads/2020/11/lacoustics-la4-soundsale-01.jpg,2,https://soundsale.nl/wp-content/uploads/2020/11/lacoustics-la4-soundsale-02.jpg,3,https://soundsale.nl/wp-content/uploads/2020/11/lacoustics-la4-soundsale-04.jpg,4,,5,,6,,7
soundsale.nl,https://soundsale.nl/product/lacoustics-8xt-202551/,"Point source, Stage monitor",L-Acoustics 8XT – set of 4,1,2799.00,POA,EUR,L-Acoustics,,"PRODUCT DESCRIPTION
This set of 4 x L-Acoustics 8XT loudspeakers offers compact size, high output and exceptional sound quality for a wide range of applications. Perfect for fills, delays, compact FOH systems and fixed installations where performance and discretion are equally important. Supplied in a robust flightcase, this set is well suited for touring, rental and mobile productions. All units are certified pre-owned, have been fully tested and approved by our in-house technicians, and come with a 3-month Soundsale warranty, ensuring reliable performance straight out of the case.

WHAT'S INCLUDED?
4 x 8XT;
1 x flightcase.

PRODUCT DETAILS
Brand
L-Acoustics
Product category
Point source, Stage monitor
Speaker type
Passive
Maximum SPL
123 dB
Frequency response
65 Hz – 20 kHz
Transducers
LF: 1 × 8″, HF: 1 × 1.5""
Weight
11 kg
Dimensions (W × H × D)
250 x 422 x 271mm",https://soundsale.nl/wp-content/uploads/2025/12/lacoustics-8xt-202551-soundsale-4.jpg,1,https://soundsale.nl/wp-content/uploads/2025/12/lacoustics-8xt-202551-soundsale-1.jpg,2,https://soundsale.nl/wp-content/uploads/2025/12/lacoustics-8xt-202551-soundsale-2.jpg,3,https://soundsale.nl/wp-content/uploads/2025/12/lacoustics-8xt-202551-soundsale-5.jpg,4,https://soundsale.nl/wp-content/uploads/2025/12/lacoustics-8xt-202551-soundsale-6.jpg,5,,6,,7
soundsale.nl,https://soundsale.nl/product/qsc-rmx5050a/,Non-DSP,QSC RMX5050a – ex-demo,1,899.00,POA,EUR,QSC,,"PRODUCT DESCRIPTION
The QSC RMX5050a is a high-performance 2-channel power amplifier designed for demanding live sound and installation applications. With up to 1800 W per channel at 4 Ω and legendary QSC reliability, the RMX5050a delivers clean, powerful output even under heavy load.
This unit is an ex-demo model, used only for demonstration purposes, and is therefore in excellent near-new condition. As with all Soundsale certified pre-owned products, it has been fully tested and approved by our in-house technicians and comes with a 3-month Soundsale warranty.
Ideal for driving subwoofers, full-range loudspeakers, or as part of a high-power touring amp rack.

WHAT'S INCLUDED?
1 x RMX5050a.

PRODUCT DETAILS
Brand
QSC
Product category
Non-DSP
Channels
2
Output power 4Ω/channel
1800 W
Output power 8Ω/channel
1100 W
Height
133 mm (3U)
Weight
29 kg",https://soundsale.nl/wp-content/uploads/2025/11/qsc-rmx5050a-soundsale-1.jpg,1,https://soundsale.nl/wp-content/uploads/2025/11/qsc-rmx5050a-soundsale-2.jpg,2,https://soundsale.nl/wp-content/uploads/2025/11/qsc-rmx5050a-soundsale-4.jpg,3,https://soundsale.nl/wp-content/uploads/2025/11/qsc-rmx5050a-soundsale-3.jpg,4,,5,,6,,7
soundsale.nl,https://soundsale.nl/product/lacoustics-syvaw-flightcase/,Point source,L-Acoustics SYVAW (2),3,8750.00,POA,EUR,L-Acoustics,,"PRODUCT DESCRIPTION
This elegant L-Acoustics SYVA white set combines premium aesthetics with outstanding sonic performance. Designed for high-end corporate events, houses of worship, luxury venues, and installations where visual design matters just as much as sound quality, the SYVA offers exceptional clarity and long-throw capabilities in a sleek, modern enclosure. The set comes complete with a premium flightcase, ensuring safe transport and professional protection for touring or mobile use. Each unit in this set is certified pre-owned, in excellent condition, and has been fully tested and approved by our in-house technicians. Supplied with a 3-month Soundsale warranty, this SYVA system is fully ready for deployment in demanding environments.

WHAT'S INCLUDED?
2 x SYVAW (white);
1 x flightcase.

PRODUCT DETAILS
Brand
L-Acoustics
Product category
Point source
Speaker type
Passive
Maximum SPL
137 dB
Frequency response
87 Hz – 20 kHz
Transducers
MF: 6 × 5″, HF: 3 × 1.75″
Weight
21 kg
Dimensions (W × H × D)
144 x 1301 x 209 mm",https://soundsale.nl/wp-content/uploads/2025/11/lacoustics-syva-white-soundsale-2.jpg,1,https://soundsale.nl/wp-content/uploads/2025/11/lacoustics-syva-white-soundsale-1.jpg,2,https://soundsale.nl/wp-content/uploads/2025/11/lacoustics-syva-white-soundsale-3.jpg,3,https://soundsale.nl/wp-content/uploads/2025/11/lacoustics-syva-white-soundsale-4.jpg,4,https://soundsale.nl/wp-content/uploads/2025/11/lacoustics-syva-white-soundsale-5.jpg,5,,6,,7
soundsale.nl,https://soundsale.nl/product/labgruppen-plm20000q-bpc/,Onboard DSP,Lab Gruppen PLM 20000Q BPC,19,3399.00,POA,EUR,Lab.gruppen,,"PRODUCT DESCRIPTION
The Lab Gruppen PLM 20000Q Powered Loudspeaker Management system seamlessly integrates an extraordinarily powerful four-channel amplifier platform with Lake® Processing, Dante networked signal distribution, accurate load verification and real-time performance monitoring. Version with Binding Post Connectors.

WHAT'S INCLUDED?
1 x PLM 20000Q.

PRODUCT DETAILS
Brand
Lab.gruppen
Product category
Onboard DSP
Channels
4
Output power 2Ω/channel
4800 W
Output power 4Ω/channel
4400 W
Height
89 mm (2U)
Weight
17 kg",https://soundsale.nl/wp-content/uploads/2025/10/labgruppen-plm20000q-binding-soundsale-2.jpg,1,https://soundsale.nl/wp-content/uploads/2025/10/labgruppen-plm20000q-binding-soundsale-4.jpg,2,https://soundsale.nl/wp-content/uploads/2025/10/labgruppen-plm20000q-binding-soundsale-1.jpg,3,https://soundsale.nl/wp-content/uploads/2025/10/labgruppen-plm20000q-binding-soundsale-3.jpg,4,,5,,6,,7
soundsale.nl,https://soundsale.nl/product/labgruppen-plm20000q/,Onboard DSP,Lab Gruppen PLM 20000Q,16,3499.00,POA,EUR,Lab.gruppen,,"PRODUCT DESCRIPTION
The Lab Gruppen PLM 20000Q Powered Loudspeaker Management system seamlessly integrates an extraordinarily powerful four-channel amplifier platform with Lake® Processing, Dante networked signal distribution, accurate load verification and real-time performance monitoring.

WHAT'S INCLUDED?
1 x PLM 20000Q.

PRODUCT DETAILS
Brand
Lab.gruppen
Product category
Onboard DSP
Channels
4
Output power 2Ω/channel
4800 W
Output power 4Ω/channel
4400 W
Height
89 mm (2U)
Weight
17 kg",https://soundsale.nl/wp-content/uploads/2025/10/labgruppen-plm20000q-soundsale-3.jpg,1,https://soundsale.nl/wp-content/uploads/2025/10/labgruppen-plm20000q-soundsale-4.jpg,2,https://soundsale.nl/wp-content/uploads/2025/10/labgruppen-plm20000q-soundsale-2.jpg,3,https://soundsale.nl/wp-content/uploads/2025/10/labgruppen-plm20000q-soundsale-1.jpg,4,,5,,6,,7
soundsale.nl,https://soundsale.nl/product/gae-222m/,Stage monitor,GAE 222M – set of 2,1,799.00,POA,EUR,GAE,,"PRODUCT DESCRIPTION
The GAE 222M stage monitor is a vented, full-range loudspeaker system incorporating two 12” cone drivers and a horn-loaded 1.5” compression driver and a passive crossover network. The hand-laminated fibre-glass horn is extremely robust and resistant to mechanical influence.

WHAT'S INCLUDED?
2 x GAE Foldback 222M stage monitor;
1 x Flightcase for 2 stage monitors.

PRODUCT DETAILS
Brand
GAE
Product category
Stage monitor
Speaker type
Passive
Components
2-way monitor, passive crossover, vented enclosure, (active)
Nominal impedance
8 Ω
Maximum SPL
131 dB
Usable bandwidth
48Hz – 18KHz
Dimensions (W x H x D)
468 x 726 x 600 mm
Weight
53 kg",https://soundsale.nl/wp-content/uploads/2024/08/gae-222m-2025-soundsale-3.jpg,1,https://soundsale.nl/wp-content/uploads/2024/08/gae-222m-2025-soundsale-4.jpg,2,https://soundsale.nl/wp-content/uploads/2024/08/gae-222m-2025-soundsale-2.jpg,3,https://soundsale.nl/wp-content/uploads/2024/08/gae-222m-2025-soundsale-1.jpg,4,https://soundsale.nl/wp-content/uploads/2024/08/gae-222m-2025-soundsale-7.jpg,5,https://soundsale.nl/wp-content/uploads/2024/08/gae-222m-2025-soundsale-6.jpg,6,,7
soundsale.nl,https://soundsale.nl/product/avid-s3l-stage16/,Digital,Avid S3L-X System,1,3950.00,POA,EUR,Avid,,"PRODUCT DESCRIPTION
The Avid S3L System is a highly scalable, Ethernet AVB-networked modular system that enables you to mix and record live shows with incredible efficiency.

WHAT'S INCLUDED?
1 x S3L System including:
S3 control surface
E3 engine
Stage 16 remote I/O box
Flightcase

PRODUCT DETAILS
Brand
Avid
Product category
Digital",https://soundsale.nl/wp-content/uploads/2024/10/avid-sc3-stage16-soundsale-1.jpg,1,https://soundsale.nl/wp-content/uploads/2024/10/avid-sc3-stage16-soundsale-5.jpg,2,https://soundsale.nl/wp-content/uploads/2024/10/avid-sc3-stage16-soundsale-4.jpg,3,https://soundsale.nl/wp-content/uploads/2024/10/avid-sc3-stage16-soundsale-2.jpg,4,https://soundsale.nl/wp-content/uploads/2024/10/avid-sc3-stage16-soundsale-3.jpg,5,,6,,7
soundsale.nl,https://soundsale.nl/product/jbl-p733-p746-crown-set/,Set,JBL P733 (4) + P746 (4) + Crown amplifier rack,1,6500.00,POA,EUR,JBL Professional,,"PRODUCT DESCRIPTION
The JBL P733 and P746 are part of the JBL Sound Power Series. Complete set including Crown amplifier rack and JBL processor.

WHAT'S INCLUDED?
4 x JBL P733 + flightcase;
4 x JBL P746 + flightcase;
1 x Crown amplifier rack, with:
JBL DSC260A;
Crown Macro-Tech 1200;
Crown Macro-Tech 3600VZ;
Crown Macro-Tech 5000VZ.

PRODUCT DETAILS
Brand
JBL Professional
Product category
Set
Speaker type
Passive
P733
Components – 15"" 2227H + 4"" 2451H
Power rating – HF 150 W + LF 600 W
Usable bandwidth – 50 Hz – 16 kHz
Impedance – HF 8 Ω + LF 8 Ω
Dimensions (W x H x D) – 553 x 720 x 480 mm
Weight – 49.1 kg
P746
Components – 2 x 15""
Power rating – 1200 W AES
Usable bandwidth – 40 Hz – 2500 Hz
Impedance – 4 Ω
Dimensions (W x H x D) – 553 x 1140 x 480 mm
Weight – 76.4 kg",https://soundsale.nl/wp-content/uploads/2024/08/jblprofessional-soundpower-2025-set-9.jpg,1,https://soundsale.nl/wp-content/uploads/2024/08/jblprofessional-soundpower-2025-set-8.jpg,2,https://soundsale.nl/wp-content/uploads/2024/08/jblprofessional-soundpower-2025-set-7.jpg,3,https://soundsale.nl/wp-content/uploads/2024/08/jblprofessional-soundpower-2025-set-6.jpg,4,https://soundsale.nl/wp-content/uploads/2024/08/jblprofessional-soundpower-2025-set-3.jpg,5,,6,,7
soundsale.nl,https://soundsale.nl/product/midas-heritage-2000-mixer/,Analog,Midas Heritage 2000,1,4950.00,POA,EUR,Midas,,"PRODUCT DESCRIPTION
Midas Heritage 2000 analogue console with complete outboard pack.

WHAT'S INCLUDED?
1 x Midas Heritage 2000;
1 x Yamaha SPX2000;
4 x Drawmer DL241;
2 x Drawmer DS404;
1 x TC Electronic M2000;
1 x TC Electronic M4000;
1 x Klark Teknik DN370;
1 x TC Electronic TC 2290;
2 x Heritage Series PSU;
including cables from console to rack.

PRODUCT DETAILS
Brand
Midas
Product category
Analog
Dimensions (W x H x D)
2245 x 363 x 1045 mm
Weight
200 kg (weight out of flight case)",https://soundsale.nl/wp-content/uploads/2024/03/midas-heritage-2000-mixer-9.jpg,1,https://soundsale.nl/wp-content/uploads/2024/03/midas-heritage-2000-mixer-8.jpg,2,https://soundsale.nl/wp-content/uploads/2024/03/midas-heritage-2000-mixer-7.jpg,3,https://soundsale.nl/wp-content/uploads/2024/03/midas-heritage-2000-mixer-1.jpg,4,https://soundsale.nl/wp-content/uploads/2024/03/midas-heritage-2000-mixer-2.jpg,5,https://soundsale.nl/wp-content/uploads/2024/03/midas-heritage-2000-mixer-3.jpg,6,https://soundsale.nl/wp-content/uploads/2024/03/midas-heritage-2000-mixer-5.jpg,7
soundsale.nl,https://soundsale.nl/product/dynacord-cobra4-2025/,Speakers,Dynacord COBRA-4 TOP (4) + COBRA-4 FAR (2) + COBRA PWH (8),1,19999.00,POA,EUR,Dynacord,,"PRODUCT DESCRIPTION
The Dynacord COBRA 4 system includes four COBRA-4 TOP, two COBRA-4 FAR, eight COBRA PWH, amplifiers racks and rigging accessories. COBRA-4 TOP is equipped with a 15″ Electro-Voice DL15Y speaker for the low frequency range, a coaxially arranged midrange line array consisting of four C 8 conical MF horns and a DH 2T titanium driver with a CD horn for the high frequency range. COBRA-4 FAR is iequipped in the low- and medium-frequency ranges to the COBRA-4 TOP but with an additional HF line array consisting of three Electro-Voice DH2T titanium drivers on an 5° HF waveguide horn. COBRA PWH is a planar waveguide horn subwoofer with Electro-Voice 18″ EVX 180 B driver.

WHAT'S INCLUDED?
4 x COBRA-4 TOP with front lid;
2 X COBRA-4 FAR with front lid;
8 x COBRA PWH with front lid;
2 x amplifier rack with:
DSP600
H2500
H5000
2 x tilt board;
rigging accessories for flying.

PRODUCT DETAILS
Brand
Dynacord
Product category
Speakers
Speaker type
Passive",https://soundsale.nl/wp-content/uploads/2024/10/dynacord-cobra4-2025-soundsale-5.jpg,1,https://soundsale.nl/wp-content/uploads/2024/10/dynacord-cobra4-2025-soundsale-2.jpg,2,https://soundsale.nl/wp-content/uploads/2024/10/dynacord-cobra4-2025-soundsale-1.jpg,3,https://soundsale.nl/wp-content/uploads/2024/10/dynacord-cobra4-2025-soundsale-10.jpg,4,https://soundsale.nl/wp-content/uploads/2024/10/dynacord-cobra4-2025-soundsale-11.jpg,5,https://soundsale.nl/wp-content/uploads/2024/10/dynacord-cobra4-2025-soundsale-3.jpg,6,https://soundsale.nl/wp-content/uploads/2024/10/dynacord-cobra4-2025-soundsale-4.jpg,7
soundsale.nl,https://soundsale.nl/product/bss-blu160/,Outboard,BSS BLU-160,2,650.00,POA,EUR,BSS,,"PRODUCT DESCRIPTION
The BSS BLU-160 offers high-end digital signal processing for professional installations and live sound environments. With configurable input/output options, BLU Link audio networking, and full HiQnet compatibility, it provides powerful, low-latency processing for demanding system applications. Displayed setup for reference only – ask for current stock details. Each unit is certified pre-owned, fully tested by our in-house technicians, and supplied with a 3-month Soundsale warranty—ensuring reliable, ready-to-deploy performance.

WHAT'S INCLUDED?
1 x BLU-160 signal processor;
analog in + digital output AES.EBU S/PDIF.

PRODUCT DETAILS
Brand
BSS
Product category
Outboard",https://soundsale.nl/wp-content/uploads/2024/11/bss-soundwebset-soundsale-1.jpg,1,https://soundsale.nl/wp-content/uploads/2024/11/bss-soundwebset-soundsale-2.jpg,2,,3,,4,,5,,6,,7
soundsale.nl,https://soundsale.nl/product/bss-blu120/,Outboard,BSS BLU-120,5,650.00,POA,EUR,BSS,,"PRODUCT DESCRIPTION
The BSS BLU-120 is a highly flexible and modular signal processor designed for professional audio systems. Featuring configurable analog or digital I/O and integrated DSP, it delivers exceptional performance for installed sound environments, theaters, and large-scale AV systems. Displayed setup for reference only – ask for current stock details. This certified pre-owned unit has been fully tested and approved by our in-house technicians and comes with a 3-month Soundsale warranty. In excellent technical condition and ready for integration into any BLU Link or HiQnet network. I/O expanders with cards installed;
2 x analog in + digital output AES.EBU S/PDIF;
1 x AEC input + digital output AES.EBU S/PDIF;
1 x digital output AES.EBU S/PDIF;
1 x digital output AES.EBU S/PDIF + AEC input.
Ask us for available items.

WHAT'S INCLUDED?
1 x BLU-120.

PRODUCT DETAILS
Brand
BSS
Product category
Outboard",https://soundsale.nl/wp-content/uploads/2024/11/bss-soundwebset-soundsale-1.jpg,1,https://soundsale.nl/wp-content/uploads/2024/11/bss-soundwebset-soundsale-2.jpg,2,,3,,4,,5,,6,,7
soundsale.nl,https://soundsale.nl/product/electrovoice-dante-dm1-card/,Others,Electro-Voice Dante DM-1,2,299.00,POA,EUR,Electro-Voice,,"PRODUCT DESCRIPTION
The Eletro-Voice DM-1 is a compact interface module for connection of an Electro-Voice N8000 system to a Dante network. The transmission of up to 32 digital audio input signals and 32 digital audio output signals with low latency (typically 1 ms) is possible.

WHAT'S INCLUDED?
1 x Electro-Voice DM-1.

PRODUCT DETAILS
Brand
Electro-Voice
Product category
Others",https://soundsale.nl/wp-content/uploads/2020/07/dante-dm1-soundsale-1.jpg,1,https://soundsale.nl/wp-content/uploads/2020/07/audinate-dm1-soundsale-1.jpg,2,https://soundsale.nl/wp-content/uploads/2020/07/audinate-dm1-soundsale-3.jpg,3,https://soundsale.nl/wp-content/uploads/2020/07/dante-dm1-soundsale-3.jpg,4,https://soundsale.nl/wp-content/uploads/2020/07/dante-dm1-soundsale-2.jpg,5,,6,,7
soundsale.nl,https://soundsale.nl/product/eaw-kf850-sb850-set-2/,Set,EAW KF850 (6) + SB850 (6) + amplifier racks,1,15000.00,POA,EUR,EAW,,"PRODUCT DESCRIPTION
The EAW KF850 A 3-way triamplified full range system in a trapezoidal enclosure. Includes a 15-in woofer in a wave guide cavity with ARC™ device, a horn-loaded 10-in midrange cone and a 2-in exit compression driver mounted coaxially in the wave guide cavity on a 55 x 40 constant directivity horn. The EAW SB850 is a dedicated subwoofer system with 2x 18-in transducers in a trapezoidal enclosure. This is an updated version with RCF L18P300 instead of the original L18P200.

WHAT'S INCLUDED?
6 x KF850;
6 x SB850;
Master amplifier rack with:
1x EAW MX800 controller
3x Lab GRUPPEN FP6400
Power distribution
NL8 patch panel, and signal Harting
Slave amplifier rack with:
3x Lab GRUPPEN FP6400
Power distribution
NL8 patch panel, and signal Harting
30 meter Harting signal cable.

PRODUCT DETAILS
Brand
EAW
Product category
Set
Speaker type
Passive
KF850
Components – 1 x 15"" horn loaded / 1 x 10"" horn-loaded / 1 x 2"" exit compression driver
Power rating – 1000 W AES LF
Usable bandwidth – 86 Hz – 17 kHz +/- 3 dB
Maximum SPL – 141 dB SPL peak
Impedance – 8 Ω LF / 8 Ω MF / 10 Ω HF
Dimensions (W x H x D) – 670 x 1067 x 749 mm
Weight – 114 kg
SB850
Components – 2 x 18""
Power rating – 2000 W
Usable bandwidth – > 35 Hz
Impedance – 4 Ω
Dimensions (W x H x D) – 670 x 1067 x 749 mm
Weight – 100 kg",https://soundsale.nl/wp-content/uploads/2025/09/eaw-kf850-sb850-set-2025-3.jpg,1,https://soundsale.nl/wp-content/uploads/2025/09/eaw-kf850-sb850-set-2025-1.jpg,2,https://soundsale.nl/wp-content/uploads/2025/09/eaw-kf850-sb850-set-2025-10.jpg,3,https://soundsale.nl/wp-content/uploads/2025/09/eaw-kf850-sb850-set-2025-11.jpg,4,https://soundsale.nl/wp-content/uploads/2025/09/eaw-kf850-sb850-set-2025-12.jpg,5,https://soundsale.nl/wp-content/uploads/2025/09/eaw-kf850-sb850-set-2025-13.jpg,6,https://soundsale.nl/wp-content/uploads/2025/09/eaw-kf850-sb850-set-2025-14.jpg,7
soundsale.nl,https://soundsale.nl/product/qscap-5122-2025/,Point source,QSC AP-5122 (2),1,1395.00,POA,EUR,L-Acoustics,,"PRODUCT DESCRIPTION
The QSC AP-5122 is a high-performance 12” loudspeaker designed for fixed installations. Wide coverage and reliable audio quality for demanding environments.

WHAT'S INCLUDED?
2 x AP-5122.

PRODUCT DETAILS
Brand
L-Acoustics
Product category
Point source
Speaker type
Passive
Maximum SPL
128 dB
Frequency response
48 Hz – 18 kHz
Transducers
1 × 12” LF, 1 × 3"" voice coil compression driver HF
Weight
29.5 kg
Dimensions (W x H x D)
381 x 660 x 330 mm",https://soundsale.nl/wp-content/uploads/2025/07/qsc-ap5122-202529-soundsale-2.jpg,1,https://soundsale.nl/wp-content/uploads/2025/07/qsc-ap5122-202529-soundsale-1.jpg,2,https://soundsale.nl/wp-content/uploads/2025/07/qsc-ap5122-202529-soundsale-3.jpg,3,,4,,5,,6,,7
soundsale.nl,https://soundsale.nl/product/shure-beta98s/,Microphones,Shure Beta 98/S,1,250.00,POA,EUR,Shure,,"PRODUCT DESCRIPTION
The Shure Beta 98/S is a compact supercardioid condenser microphone designed for close-miking instruments like drums and percussion. It delivers studio-quality sound in live performance settings.

WHAT'S INCLUDED?
2 x Beta 98/S;
2 x cable;
4 x A98D drum microphone mount;
3 x clamp;
2 x phantom adapter.

PRODUCT DETAILS
Brand
Shure
Product category
Microphones",https://soundsale.nl/wp-content/uploads/2025/07/shure-beta98-set-soundsale-3.jpg,1,https://soundsale.nl/wp-content/uploads/2025/07/shure-beta98-set-soundsale-2.jpg,2,https://soundsale.nl/wp-content/uploads/2025/07/shure-beta98-set-soundsale-1.jpg,3,,4,,5,,6,,7
soundsale.nl,https://soundsale.nl/product/akg-c4000b/,Microphones,AKG C4000B,1,300.00,POA,EUR,AKG,,"PRODUCT DESCRIPTION
The AKG C4000B is a large-diaphragm condenser mic with multiple polar patterns, ideal for vocals and instruments.

WHAT'S INCLUDED?
1 x C4000B.

PRODUCT DETAILS
Brand
AKG
Product category
Microphones",https://soundsale.nl/wp-content/uploads/2025/07/akg-c4000b-soundsale-1.jpg,1,https://soundsale.nl/wp-content/uploads/2025/07/akg-c4000b-soundsale-2.jpg,2,https://soundsale.nl/wp-content/uploads/2025/07/akg-c4000b-soundsale-3.jpg,3,https://soundsale.nl/wp-content/uploads/2025/07/akg-c4000b-soundsale-4.jpg,4,https://soundsale.nl/wp-content/uploads/2025/07/akg-c4000b-soundsale-5.jpg,5,,6,,7
soundsale.nl,https://soundsale.nl/product/akg-c417-mpa/,Microphones,AKG C417 + MPA III,1,125.00,POA,EUR,AKG,,"PRODUCT DESCRIPTION
The AKG C417 with MPA III adapter offers phantom-powered connectivity for this discreet omni lavalier microphone.

WHAT'S INCLUDED?
1 x C417;
1 x MPA III phantom power adaptor.

PRODUCT DETAILS
Brand
AKG
Product category
Microphones",https://soundsale.nl/wp-content/uploads/2025/07/akg-c417-phantom-soundsale-1.jpg,1,,2,,3,,4,,5,,6,,7
soundsale.nl,https://soundsale.nl/product/akg-c417/,Microphones,AKG C417,1,99.00,POA,EUR,AKG,,"PRODUCT DESCRIPTION
The AKG C417 is an omni lavalier mic offering excellent speech clarity, perfect for presentations and broadcasts.

WHAT'S INCLUDED?
1 x C417.

PRODUCT DETAILS
Brand
AKG
Product category
Microphones",https://soundsale.nl/wp-content/uploads/2025/07/akg-c417-soundsale-2.jpg,1,https://soundsale.nl/wp-content/uploads/2025/07/akg-c417-soundsale-1.jpg,2,,3,,4,,5,,6,,7
soundsale.nl,https://soundsale.nl/product/akg-c418/,Microphones,AKG C418,1,99.00,POA,EUR,AKG,,"PRODUCT DESCRIPTION
The AKG C418 is a clip-on condenser microphone for drums and percussion, with flexible gooseneck and cardioid pattern.

WHAT'S INCLUDED?
1 x C418.

PRODUCT DETAILS
Brand
AKG
Product category
Microphones",https://soundsale.nl/wp-content/uploads/2025/07/akg-c418-soundsale-1.jpg,1,https://soundsale.nl/wp-content/uploads/2025/07/akg-c418-soundsale-2.jpg,2,,3,,4,,5,,6,,7
soundsale.nl,https://soundsale.nl/product/avid-91903130100/,Others,Avid Digidesign 9190-31301-00 (SRI Input Card),2,225.00,POA,EUR,Avid,,"PRODUCT DESCRIPTION
The Avid 9190-31301-00 is an 8-channel analog mic/line input card for VENUE Stage Racks, compatible with D-Show, Profile, and Mix Rack systems (up to 48 kHz).

WHAT'S INCLUDED?
1 x 9190-31301-00 (SRI Input Card).

PRODUCT DETAILS
Brand
Avid
Product category
Others",https://soundsale.nl/wp-content/uploads/2025/07/avid-digidesign-sri-soundsale-4.jpg,1,https://soundsale.nl/wp-content/uploads/2025/07/avid-digidesign-sri-soundsale-3.jpg,2,https://soundsale.nl/wp-content/uploads/2025/07/avid-digidesign-sri-soundsale-2.jpg,3,https://soundsale.nl/wp-content/uploads/2025/07/avid-digidesign-sri-soundsale-1.jpg,4,,5,,6,,7
soundsale.nl,https://soundsale.nl/product/behringer-di400p/,Others,Behringer DI400P,1,25.00,POA,EUR,Connex,,"PRODUCT DESCRIPTION
The Behringer DI400P is a passive DI box with transformer isolation, great for stage and studio setups.

WHAT'S INCLUDED?
1 x DI400P.

PRODUCT DETAILS
Brand
Connex
Product category
Others",https://soundsale.nl/wp-content/uploads/2025/07/behringer-di400p-soundsale-1.jpg,1,https://soundsale.nl/wp-content/uploads/2025/07/behringer-di400p-soundsale-2.jpg,2,https://soundsale.nl/wp-content/uploads/2025/07/behringer-di400p-soundsale-3.jpg,3,,4,,5,,6,,7
soundsale.nl,https://soundsale.nl/product/behringer-gi100ultrag/,Others,Behringer GI100 ULTRA-G,2,25.00,POA,EUR,Behringer,,"PRODUCT DESCRIPTION
The Behringer GI100 is a rugged DI box with cabinet simulation, ideal for guitarists needing direct signal to mixer.

WHAT'S INCLUDED?
1 x GI100.

PRODUCT DETAILS
Brand
Behringer
Product category
Others",https://soundsale.nl/wp-content/uploads/2025/07/behringer-gi100-soundsale-4.jpg,1,https://soundsale.nl/wp-content/uploads/2025/07/behringer-gi100-soundsale-2.jpg,2,https://soundsale.nl/wp-content/uploads/2025/07/behringer-gi100-soundsale-1.jpg,3,https://soundsale.nl/wp-content/uploads/2025/07/behringer-gi100-soundsale-3.jpg,4,,5,,6,,7
soundsale.nl,https://soundsale.nl/product/beyerdynamic-tgx5/,Microphones,Beyerdynamic TGX5,1,49.00,POA,EUR,Beyerdynamic,,"PRODUCT DESCRIPTION
The Beyerdynamic TGX5 is a rugged dynamic vocal mic capsule with cardioid pattern, suitable for live performance.

WHAT'S INCLUDED?
1 x TGX5.

PRODUCT DETAILS
Brand
Beyerdynamic
Product category
Microphones",https://soundsale.nl/wp-content/uploads/2025/07/beyerdynamic-tgx5-soundsale-1.jpg,1,https://soundsale.nl/wp-content/uploads/2025/07/beyerdynamic-tgx5-soundsale-2.jpg,2,,3,,4,,5,,6,,7
soundsale.nl,https://soundsale.nl/product/crest-4xpsu/,Others,Crest 4X PSU,1,150.00,POA,EUR,Crest Audio,,"PRODUCT DESCRIPTION
The Crest 4X PSU is a replacement power supply unit compatible with the Crest 4X series amplifiers, reliable and robust.

WHAT'S INCLUDED?
1 x 4X PSU.

PRODUCT DETAILS
Brand
Crest Audio
Product category
Others",https://soundsale.nl/wp-content/uploads/2025/07/crest-4x-soundsale-1.jpg,1,https://soundsale.nl/wp-content/uploads/2025/07/crest-4x-soundsale-2.jpg,2,,3,,4,,5,,6,,7
soundsale.nl,https://soundsale.nl/product/crown-pipfx/,Others,Crown PIP-FX card,1,50.00,POA,EUR,Crown Audio,,"PRODUCT DESCRIPTION
The Crown PIP-FX is a programmable input processor card for Crown amplifiers, with EQ, delay and crossover functions.

WHAT'S INCLUDED?
1 x PIP FX card.

PRODUCT DETAILS
Brand
Crown Audio
Product category
Others",https://soundsale.nl/wp-content/uploads/2025/07/crown-fxcard-soundsale-1.jpg,1,https://soundsale.nl/wp-content/uploads/2025/07/crown-fxcard-soundsale-2.jpg,2,,3,,4,,5,,6,,7
soundsale.nl,https://soundsale.nl/product/denon-dnv110/,Others,Denon DN-V110,1,50.00,POA,EUR,Denon,,"PRODUCT DESCRIPTION
The Denon DN-V110 is a professional-grade DVD video player.

WHAT'S INCLUDED?
1 x DN-V110;
1 x remote control RC-1018.

PRODUCT DETAILS
Brand
Denon
Product category
Others",https://soundsale.nl/wp-content/uploads/2025/07/denon-dnv110-soundsale-1.jpg,1,https://soundsale.nl/wp-content/uploads/2025/07/denon-dnv110-soundsale-2.jpg,2,https://soundsale.nl/wp-content/uploads/2025/07/denon-dnv110-soundsale-3.jpg,3,,4,,5,,6,,7
soundsale.nl,https://soundsale.nl/product/lem-rsc/,Others,LEM RSC Serial Converter,1,25.00,POA,EUR,LEM,,"PRODUCT DESCRIPTION
The LEM RSC Serial Converter allows legacy serial communication for audio control systems, compact and reliable.

WHAT'S INCLUDED?
1 x RSC serial converter.

PRODUCT DETAILS
Brand
LEM
Product category
Others",https://soundsale.nl/wp-content/uploads/2025/07/lem-rsc-serialconverter-soundsale-1.jpg,1,https://soundsale.nl/wp-content/uploads/2025/07/lem-rsc-serialconverter-soundsale-2.jpg,2,https://soundsale.nl/wp-content/uploads/2025/07/lem-rsc-serialconverter-soundsale-3.jpg,3,,4,,5,,6,,7
soundsale.nl,https://soundsale.nl/product/sennheiser-l50-ba250/,Microphones,Sennheiser L50 (3) + BA250 (6),1,50.00,POA,EUR,Sennheiser,,"PRODUCT DESCRIPTION
This Sennheiser pack includes six BA250 batteries and three L50 chargers for wireless systems, ideal for rotation and live use.

WHAT'S INCLUDED?
3 x L50;
6 x BA250.

PRODUCT DETAILS
Brand
Sennheiser
Product category
Microphones",https://soundsale.nl/wp-content/uploads/2025/07/sennheiser-l50-ba250-soundsale-1.jpg,1,https://soundsale.nl/wp-content/uploads/2025/07/sennheiser-l50-ba250-soundsale-4.jpg,2,,3,,4,,5,,6,,7
soundsale.nl,https://soundsale.nl/product/shure-beta53/,Microphones,Shure Beta 53,1,175.00,POA,EUR,Shure,,"PRODUCT DESCRIPTION
The Shure Beta 53 (black finish) is a lightweight, high-quality headset mic offering a wide dynamic range and low visibility for stage applications.

WHAT'S INCLUDED?
1 x Beta 53 TA4F TQG connector (black finish);
1 x adapter to XLR;
1 x case.

PRODUCT DETAILS
Brand
Shure
Product category
Microphones",https://soundsale.nl/wp-content/uploads/2025/07/shure-beta53black-soundsale-1.jpg,1,https://soundsale.nl/wp-content/uploads/2025/07/shure-beta53black-soundsale-2.jpg,2,,3,,4,,5,,6,,7
soundsale.nl,https://soundsale.nl/product/soundcraft-cobranet-rs2485sp/,Outboard,Soundcraft CobraNet RS2485SP,2,250.00,POA,EUR,Soundcraft,,"PRODUCT DESCRIPTION
The Soundcraft RS2485SP CobraNet card enables 32-channel digital audio networking for Vi series consoles.

WHAT'S INCLUDED?
1 x RS2485SP.

PRODUCT DETAILS
Brand
Soundcraft
Product category
Outboard",https://soundsale.nl/wp-content/uploads/2025/07/soundcraft-cobranet-soundsale-2.jpg,1,https://soundsale.nl/wp-content/uploads/2025/07/soundcraft-cobranet-soundsale-1.jpg,2,,3,,4,,5,,6,,7
soundsale.nl,https://soundsale.nl/product/labgruppen-nlb60e/,Outboard,Lab Gruppen NLB-60E (new in box),1,450.00,POA,EUR,Lab.gruppen,,"PRODUCT DESCRIPTION
This unit is brand new in box and unused. The Lab Gruppen NLB-60E is a CobraNet-based networked breakout box designed for seamless integration into distributed audio systems. With rugged build quality and ultra-low latency audio distribution, the NLB-60E is perfect for installed sound and large-scale AV networks.

WHAT'S INCLUDED?
1 x NLB-60E (new in box).

PRODUCT DETAILS
Brand
Lab.gruppen
Product category
Outboard",https://soundsale.nl/wp-content/uploads/2025/06/labgruppen-nlb60-soundsale-1.jpg,1,https://soundsale.nl/wp-content/uploads/2025/06/labgruppen-nlb60-soundsale-2.jpg,2,,3,,4,,5,,6,,7
soundsale.nl,https://soundsale.nl/product/lacoustics-llc115bst-controller/,Outboard,L-Acoustics LLC115b-st,1,199.00,POA,EUR,L-Acoustics,,"PRODUCT DESCRIPTION
The L-Acoustics LLC 115b-st line level controller is an analog signal processing unit that optimizes the performance of the MTD115b loudspeaker.

WHAT'S INCLUDED?
1 x LLC115b-st.

PRODUCT DETAILS
Brand
L-Acoustics
Product category
Outboard",https://soundsale.nl/wp-content/uploads/2025/06/lacoustics-llc115bst-soundsale-1.jpg,1,,2,,3,,4,,5,,6,,7
soundsale.nl,https://soundsale.nl/product/lacoustics-mtd108llca-2025/,Outboard,L-Acoustics MTD108LLCa,1,199.00,POA,EUR,L-Acoustics,,"PRODUCT DESCRIPTION
The L-Acoustics MTD108LLCa is an analog line-level controller designed to optimize the performance of MTD108a speakers, offering selectable EQ modes and thermal protection.

WHAT'S INCLUDED?
1 x MTD108LLCa.

PRODUCT DETAILS
Brand
L-Acoustics
Product category
Outboard",https://soundsale.nl/wp-content/uploads/2025/06/lacoustics-mtb108controller-soundsale-2.jpg,1,https://soundsale.nl/wp-content/uploads/2025/06/lacoustics-mtb108controller-soundsale-1.jpg,2,https://soundsale.nl/wp-content/uploads/2025/06/lacoustics-mtb108controller-soundsale-4.jpg,3,https://soundsale.nl/wp-content/uploads/2025/06/lacoustics-mtb108controller-soundsale-3.jpg,4,,5,,6,,7
soundsale.nl,https://soundsale.nl/product/lacoustics-115xt-2025/,Stage monitor,L-Acoustics 115XT (2),2,1599.00,POA,EUR,L-Acoustics,,"PRODUCT DESCRIPTION
The L-Acoustics 115XT is a versatile, high-performance loudspeaker designed for distributed sound reinforcement and medium-power front-of-house applications. Its coaxial design ensures excellent phase response and total wavefront coherency, making it ideal for both touring and fixed installations.

WHAT'S INCLUDED?
2 x 115XT.

PRODUCT DETAILS
Brand
L-Acoustics
Product category
Stage monitor
Speaker type
Passive
Maximum SPL
132 dB
Frequency response
50 Hz – 18 kHz (-10 dB)
Transducers
LF: 1 × 15"", HF: 1 × 1.4"" exit compression driver 3"" voice coil
Weight
29.5 kg
Dimensions (W x H x D)
580 x 446 x 478 mm",https://soundsale.nl/wp-content/uploads/2025/05/lacoustics-115xt-202521-soundsale-5.jpg,1,https://soundsale.nl/wp-content/uploads/2025/05/lacoustics-115xt-202521-soundsale-6.jpg,2,https://soundsale.nl/wp-content/uploads/2025/05/lacoustics-115xt-202521-soundsale-4.jpg,3,https://soundsale.nl/wp-content/uploads/2025/05/lacoustics-115xt-202521-soundsale-3.jpg,4,https://soundsale.nl/wp-content/uploads/2025/05/lacoustics-115xt-202521-soundsale-2.jpg,5,https://soundsale.nl/wp-content/uploads/2025/05/lacoustics-115xt-202521-soundsale-1.jpg,6,,7
soundsale.nl,https://soundsale.nl/product/lacoustics-kudo-2025/,Line array,L-Acoustics KUDO (12) + KBUMP (2),1,15999.00,POA,EUR,L-Acoustics,,"PRODUCT DESCRIPTION
The L-Acoustics KUDO is a versatile, large-format line source speaker operating between 35 Hz and 20 kHz. It features two 12″ bass-reflex-loaded low-frequency drivers, four 5″ high-efficiency midrange drivers, and two 1.75″ diaphragm compression drivers coupled to DOSC waveguides. KUDO offers adjustable directivity with symmetric (50° or 110°) and asymmetric (25°/55° or 55°/25°) horizontal coverage. With a maximum SPL of 140 dB, it’s suitable for various applications. Soundsale offers a 3-month warranty, and rigorous quality control, ensuring reliable performance.

WHAT'S INCLUDED?
12 x KUDO;
12 x KPLA-2;
12 x KCOV;
2 x KBUMP including chariot.

PRODUCT DETAILS
Brand
L-Acoustics
Product category
Line array
Speaker type
Passive
Maximum SPL
140 dB
Frequency response
35 – 20 kHz
Transducers
LF 2 x 12"", 4 x 5"", 2 x 1.75""
Weight
87 kg",https://soundsale.nl/wp-content/uploads/2025/07/lacoustics-kudo-set-202529-9.jpg,1,https://soundsale.nl/wp-content/uploads/2025/03/lacoustics-kudo-2025-soundsale-10.jpg,2,https://soundsale.nl/wp-content/uploads/2025/07/lacoustics-kudo-set-202529-5.jpg,3,https://soundsale.nl/wp-content/uploads/2025/07/lacoustics-kudo-set-202529-4.jpg,4,https://soundsale.nl/wp-content/uploads/2025/07/lacoustics-kudo-set-202529-6.jpg,5,https://soundsale.nl/wp-content/uploads/2025/07/lacoustics-kudo-set-202529-10.jpg,6,https://soundsale.nl/wp-content/uploads/2025/07/lacoustics-kudo-set-202529-1.jpg,7
soundsale.nl,https://soundsale.nl/product/qsc-qsys-cxd45q/,Onboard DSP,QSC CXD4.5Q,2,1599.00,POA,EUR,QSC,,"PRODUCT DESCRIPTION
The QSC CXD4.5Q multi-channel network processing amplifier with seamless Q-SYS integration.

WHAT'S INCLUDED?
1 x CXD4.5Q.

PRODUCT DETAILS
Brand
QSC
Product category
Onboard DSP
Channels
4
Output power 100V/channel
1250 W
Output power 4Ω/channel
2000 W
Output power 8Ω/channel
1200 W
Height
89 mm (2U)
Weight
10 kg",https://soundsale.nl/wp-content/uploads/2025/03/qsc-qsys-cxd45q-soundsale-1.jpg,1,https://soundsale.nl/wp-content/uploads/2025/03/qsc-qsys-cxd45q-soundsale-2.jpg,2,https://soundsale.nl/wp-content/uploads/2025/03/qsc-qsys-cxd45q-soundsale-3.jpg,3,https://soundsale.nl/wp-content/uploads/2025/03/qsc-qsys-cxd45q-soundsale-4.jpg,4,,5,,6,,7
soundsale.nl,https://soundsale.nl/product/qsc-acs6t-speaker/,Point source,QSC AC-S6T (ex-demo),2,110.00,POA,EUR,QSC,,"PRODUCT DESCRIPTION
Price per piece, sold per pair. The QSC AcousticCoverage™ Series AC-S6T is a surface mounted 6.5” two-way loudspeaker with 70/100V transformer, suitable for a wide variety of audio/video conferencing reinforcement, voice paging and background music applications.

WHAT'S INCLUDED?
1 x AC-S6T;
1 x yoke mount system.

PRODUCT DETAILS
Brand
QSC
Product category
Point source
Speaker type
Passive
Components
LF 6.5"" polypropylene woofer, HF 1"" aluminium dome tweeter
Nominal impedance
8Ω, 70 V, 100 V
Maximum SPL
107 dB peak
Frequency response
60 Hz – 20 kHz
Dimensions (W x H x D)
359 x 267 x 470 mm
Weight
8.4 kg",https://soundsale.nl/wp-content/uploads/2023/11/qsc-ac-s6t-white-luidspreker-speaker-audiosolvation-4.jpg,1,https://soundsale.nl/wp-content/uploads/2023/11/qsc-ac-s6t-white-luidspreker-speaker-audiosolvation-1.jpg,2,https://soundsale.nl/wp-content/uploads/2023/11/qsc-ac-s6t-white-luidspreker-speaker-audiosolvation-2.jpg,3,https://soundsale.nl/wp-content/uploads/2023/11/qsc-ac-s6t-white-luidspreker-speaker-audiosolvation-3.jpg,4,https://soundsale.nl/wp-content/uploads/2023/11/qsc-ac-s6t-white-luidspreker-speaker-audiosolvation-5.jpg,5,,6,,7
soundsale.nl,https://soundsale.nl/product/dbaudiotechnik-f1220-b1-a1/,Speakers,d&b audiotechnik F1220 (2) + B1 (2) + A1 (4),1,4899.00,POA,EUR,D&B Audiotechnik,,"PRODUCT DESCRIPTION
The d&b audiotechnik F1220 (TAD4002 driver) is a compact, actively driver 2-way full-range loudspeaker which uses a 12″ LF driver and 2″ HF compression driver. The B1 is the principal subwoofer used with the F1220 loudspeaker. Its internally braced bass-reflex cabinet houses two 15” drivers and produces a round, dry, rather deep, natural bass. The A1 power amplifier includes system controller module for F1220 and B1.

WHAT'S INCLUDED?
2 x F1220 including flightcase;
2 x B1 subwoofer including cover and front lid;
4 x A1 with amplifier housing.

PRODUCT DETAILS
Brand
D&B Audiotechnik
Product category
Speakers
Speaker type
Passive
F1220
Components – 12"" / 2""
Power rating RMS – 300 W
Usable bandwidth – 60 Hz – 16 kHz
Maximum SPL – 134 dB
Impedance – 8 / 16 Ω
Dimensions (W x H x D) – 372 x 630 x 436 mm
Weight – 37 kg
B1
Components – 2 x 15""
Power rating RMS – 600 W
Usable bandwidth – > 32 Hz
Maximum SPL – 131 dB
Impedance – 4 Ω
Dimensions (W x H x D) – 448 x 988 x 550 / 656 mm
Weight – 63 kg
A1
Output power 4Ω/channel – 1200 W
Output power 8Ω/channel – 700 W
Weight – 22 kg",https://soundsale.nl/wp-content/uploads/2024/11/dbaudiotechnik-f1220-b1-soundsale-7.jpg,1,https://soundsale.nl/wp-content/uploads/2024/11/dbaudiotechnik-f1220-b1-soundsale-5.jpg,2,https://soundsale.nl/wp-content/uploads/2024/11/dbaudiotechnik-f1220-b1-soundsale-6.jpg,3,https://soundsale.nl/wp-content/uploads/2024/11/dbaudiotechnik-f1220-b1-soundsale-4.jpg,4,https://soundsale.nl/wp-content/uploads/2024/11/dbaudiotechnik-f1220-b1-soundsale-3.jpg,5,https://soundsale.nl/wp-content/uploads/2024/11/dbaudiotechnik-f1220-b1-soundsale-2.jpg,6,https://soundsale.nl/wp-content/uploads/2024/11/dbaudiotechnik-f1220-b1-soundsale-1.jpg,7
soundsale.nl,https://soundsale.nl/product/bss-soundweb-set/,Outboard,BSS BLU-800 / BLU-160 / BLU-120,1,4999.00,POA,EUR,BSS,,"PRODUCT DESCRIPTION
Complete BSS Soundweb London system with BLU-800 processor, BLU-160 DSP, and BLU-120 I/O expander. BLU-160 and BLU-120 units are also available separately. Contact us for more information.

WHAT'S INCLUDED?
5 x BLU-120 I/O expander with cards installed;
2 x analog in + digital output AES.EBU S/PDIF;
1 x AEC input + digital output AES.EBU S/PDIF;
1 x digital output AES.EBU S/PDIF;
1 x digital output AES.EBU S/PDIF + AEC input.
2 x BLU-160 signal processor;
2 x analog in + digital output AES.EBU S/PDIF;
1 x BLU-800 signal processor.

PRODUCT DETAILS
Brand
BSS
Product category
Outboard",https://soundsale.nl/wp-content/uploads/2024/11/bss-soundwebset-soundsale-1.jpg,1,https://soundsale.nl/wp-content/uploads/2024/11/bss-soundwebset-soundsale-2.jpg,2,,3,,4,,5,,6,,7
soundsale.nl,https://soundsale.nl/product/img-stageline-dmp130mix/,Outboard,IMG Stage Line DMP-130MIX,1,75.00,POA,EUR,IMG Stageline,,"PRODUCT DESCRIPTION
With the IMG Stage Line DMP-130MIX it is possible to mix audio signal sources. The integrated MP3 player can be switched between SD card and USB port.

WHAT'S INCLUDED?
1 x DMP-130MIX.

PRODUCT DETAILS
Brand
IMG Stageline
Product category
Outboard",https://soundsale.nl/wp-content/uploads/2024/11/img-dmp130mix-soundsale-1.jpg,1,https://soundsale.nl/wp-content/uploads/2024/11/img-dmp130mix-soundsale-2.jpg,2,,3,,4,,5,,6,,7
soundsale.nl,https://soundsale.nl/product/palmer-pan03/,Outboard,Palmer PAN 03,1,65.00,POA,EUR,Palmer,,"PRODUCT DESCRIPTION
Palmer PAN 03 active 4-channel DI box. Each channel has a jack input with a parallel output for passing through the signal.

WHAT'S INCLUDED?
1 x PAN 03.

PRODUCT DETAILS
Brand
Palmer
Product category
Outboard",https://soundsale.nl/wp-content/uploads/2024/11/palmer-audionomix-soundsale-1.jpg,1,https://soundsale.nl/wp-content/uploads/2024/11/palmer-audionomix-soundsale-2.jpg,2,,3,,4,,5,,6,,7
soundsale.nl,https://soundsale.nl/product/lexicon-lxp15/,Outboard,Lexicon LXP-15,1,250.00,POA,EUR,Lexicon,,"PRODUCT DESCRIPTION
The Lexicon LXP-15 offers a rich and distinctive palette of special effects, including 128 preset effects programs to get you started.

WHAT'S INCLUDED?
1 x LXP-15.

PRODUCT DETAILS
Brand
Lexicon
Product category
Outboard",https://soundsale.nl/wp-content/uploads/2024/11/lexicon-lxp15-soundsale-1.jpg,1,https://soundsale.nl/wp-content/uploads/2024/11/lexicon-lxp15-soundsale-3.jpg,2,https://soundsale.nl/wp-content/uploads/2024/11/lexicon-lxp15-soundsale-4.jpg,3,https://soundsale.nl/wp-content/uploads/2024/11/lexicon-lxp15-soundsale-2.jpg,4,,5,,6,,7
soundsale.nl,https://soundsale.nl/product/behringer-dsp8024/,Outboard,Behringer DSP8024,1,99.00,POA,EUR,Behringer,,"PRODUCT DESCRIPTION
Behringer DSP8024 with high-end, 24-bit A/D and D/A converters for ultra-high dynamic range and resolution.

WHAT'S INCLUDED?
1 x DSP8024.

PRODUCT DETAILS
Brand
Behringer
Product category
Outboard",https://soundsale.nl/wp-content/uploads/2024/11/behringer-ultracurvepro-soundsale-1.jpg,1,https://soundsale.nl/wp-content/uploads/2024/11/behringer-ultracurvepro-soundsale-2.jpg,2,https://soundsale.nl/wp-content/uploads/2024/11/behringer-ultracurvepro-soundsale-3.jpg,3,https://soundsale.nl/wp-content/uploads/2024/11/behringer-ultracurvepro-soundsale-4.jpg,4,,5,,6,,7
soundsale.nl,https://soundsale.nl/product/apex-pe232mkii/,Outboard,APEX PE232 MkII,1,399.00,POA,EUR,Apex Audio,,"PRODUCT DESCRIPTION
The APEX PE232 MkII is a 2 channel paragraphic equalizer with 30-band graphic EQ and 2 fully parametric equalizers with unique vernier control.

WHAT'S INCLUDED?
1 x PE232 MkII.

PRODUCT DETAILS
Brand
Apex Audio
Product category
Outboard",https://soundsale.nl/wp-content/uploads/2024/11/apex-pe232mkii-soundsale-2.jpg,1,https://soundsale.nl/wp-content/uploads/2024/11/apex-pe232mkii-soundsale-1.jpg,2,,3,,4,,5,,6,,7
soundsale.nl,https://soundsale.nl/product/kuhnle-eight-gate/,Outboard,Kuhnle Eight Gate,1,99.00,POA,EUR,Kuhnle,,"PRODUCT DESCRIPTION
The Kuhnle Eight Gate is a 8 channel noise gate.

WHAT'S INCLUDED?
1 x Eight Gate.

PRODUCT DETAILS
Brand
Kuhnle
Product category
Outboard",https://soundsale.nl/wp-content/uploads/2024/11/kuhnle-eightgate-soundsale-2.jpg,1,https://soundsale.nl/wp-content/uploads/2024/11/kuhnle-eightgate-soundsale-1.jpg,2,,3,,4,,5,,6,,7
soundsale.nl,https://soundsale.nl/product/altair-deq282/,Outboard,ALTAIR DEQ-282,1,299.00,POA,EUR,Altair,,"PRODUCT DESCRIPTION
The ALTAIR DEQ-282 is a programmable equalizer with 28+28 bands, 1/3 octave, constant Q. Stereo/Dual.

WHAT'S INCLUDED?
1 x DEQ-282.

PRODUCT DETAILS
Brand
Altair
Product category
Outboard",https://soundsale.nl/wp-content/uploads/2024/11/altair-deq282-soundsale-1.jpg,1,https://soundsale.nl/wp-content/uploads/2024/11/altair-deq282-soundsale-2.jpg,2,,3,,4,,5,,6,,7
soundsale.nl,https://soundsale.nl/product/yamaha-dme64n/,Outboard,Yamaha DME64N,1,699.00,POA,EUR,Yamaha,,"PRODUCT DESCRIPTION
The Yamaha DME64N versatile mixing engine allows an impressive array of DSP components to be combined and programmed to accommodate just about any audio requirement. Superior sound quality, generous DSP power, extensive scalability, and network capability — all supported by an intuitive interface — offer unprecedented freedom and efficiency for designing audio systems for installations and live sound.

WHAT'S INCLUDED?
1 x DME64N.

PRODUCT DETAILS
Brand
Yamaha
Product category
Outboard",https://soundsale.nl/wp-content/uploads/2024/11/yamaha-dme64n-soundsale-4.jpg,1,https://soundsale.nl/wp-content/uploads/2024/11/yamaha-dme64n-soundsale-3.jpg,2,https://soundsale.nl/wp-content/uploads/2024/11/yamaha-dme64n-soundsale-2.jpg,3,https://soundsale.nl/wp-content/uploads/2024/11/yamaha-dme64n-soundsale-1.jpg,4,,5,,6,,7
soundsale.nl,https://soundsale.nl/product/soundsale-kara-dolly/,Accessories,Soundsale KARA Dolly,10,299.00,POA,EUR,Soundsale,,"PRODUCT DESCRIPTION
New stock available! Soundsale’s KARA Dolly is a wheel dolly designed for the transportation and storage of blocks of up to six L-Acoustics KARA/KARA II. It features two rear rigging arms to secure the lower KARA. Optionally available is a protective cover for a stack of six KARA.

WHAT'S INCLUDED?
1 x KARA Dolly.

PRODUCT DETAILS
Brand
Soundsale
Product category
Accessories",https://soundsale.nl/wp-content/uploads/2023/09/soundsale-kara-dolly-2.jpg,1,https://soundsale.nl/wp-content/uploads/2023/09/soundsale-kara-dolly.jpg,2,https://soundsale.nl/wp-content/uploads/2020/07/soundsale-kara-dolly-cover-lacoustics-1.jpg,3,https://soundsale.nl/wp-content/uploads/2020/07/soundsale-kara-dolly-cover-lacoustics-2.jpg,4,https://soundsale.nl/wp-content/uploads/2020/07/soundsale-kara-dolly-cover-lacoustics-4.jpg,5,https://soundsale.nl/wp-content/uploads/2020/07/soundsale-kara-dolly-cover-lacoustics-6.jpg,6,,7
soundsale.nl,https://soundsale.nl/product/labgruppen-c484-amplifier/,Non-DSP,Lab Gruppen C 48:4,1,1299.00,POA,EUR,Lab.gruppen,,"PRODUCT DESCRIPTION
The C 48:4 is the third largest amplifier in the C Series family, delivering an impressive 4 × 1200 W at 4 ohms. The exceptional power output plus a long list of protection and monitoring features are all packed into a 2U chassis.

WHAT'S INCLUDED?
1 x C 48:4.

PRODUCT DETAILS
Brand
Lab.gruppen
Product category
Non-DSP
Channels
4
Output power 2Ω/channel
600 W
Output power 4Ω/channel
1200 W
Output power 8Ω/channel
1000 W
Output power 16Ω/channel
625 W
Height
89 mm (2U)
Weight
12 kg",https://soundsale.nl/wp-content/uploads/2024/07/labgruppen-c484-soundsale-5.jpg,1,https://soundsale.nl/wp-content/uploads/2024/07/labgruppen-c484-soundsale-1.jpg,2,https://soundsale.nl/wp-content/uploads/2024/07/labgruppen-c484-soundsale-4.jpg,3,https://soundsale.nl/wp-content/uploads/2024/07/labgruppen-c484-soundsale-2.jpg,4,https://soundsale.nl/wp-content/uploads/2024/07/labgruppen-c484-soundsale-3.jpg,5,,6,,7
soundsale.nl,https://soundsale.nl/product/lacoustics-sb15m-dolly/,Accessories,L-Acoustics SB15m dolly,1,299.00,POA,EUR,Soundsale,,"PRODUCT DESCRIPTION
The SB15m Dolly is a wheel dolly designed for the transportation and storage of L-Acoustics SB15m subwoofer. It features the possibility of using a tension strap to secure the subwoofers to the dolly.

WHAT'S INCLUDED?
1 x SB15m Dolly.

PRODUCT DETAILS
Brand
Soundsale
Product category
Accessories",https://soundsale.nl/wp-content/uploads/2024/07/custom-sb15m-dolly-soundsale-4.jpg,1,https://soundsale.nl/wp-content/uploads/2024/07/custom-sb15m-dolly-soundsale-5.jpg,2,https://soundsale.nl/wp-content/uploads/2024/07/custom-sb15m-dolly-soundsale-3.jpg,3,,4,,5,,6,,7
soundsale.nl,https://soundsale.nl/product/logicsystem-cs1296/,Point source,logic system CS 1296 (4),1,3500.00,POA,EUR,logic system,,"PRODUCT DESCRIPTION
The logic system CS 1296 is a compact, fully horn loaded, passive mid/top enclosure. Components include an RCF 12″ LF driver (L12P520) and BMS 4590 coaxial compression driver.

WHAT'S INCLUDED?
4 x CS 1296;
4 x flightcase.

PRODUCT DETAILS
Brand
logic system
Product category
Point source
Speaker type
Passive
Components
MF 12” cone driver, HF 2” exit co-entrant compression, co-axially mounted on CD horn
Nominal impedance
6 Ω
Sensitivity
105 dB
Power handling
400 W
Frequency response
150 Hz – 20 kHz
Dimensions (W x H x D)
505 x 780 x 505 mm
Weight
58 kg",https://soundsale.nl/wp-content/uploads/2024/06/logicsystem-cs1296-soundsale-2.jpg,1,https://soundsale.nl/wp-content/uploads/2024/06/logicsystem-cs1296-soundsale-3.jpg,2,https://soundsale.nl/wp-content/uploads/2024/06/logicsystem-cs1296-soundsale-1.jpg,3,https://soundsale.nl/wp-content/uploads/2024/06/logicsystem-cs1296-soundsale-4.jpg,4,,5,,6,,7
soundsale.nl,https://soundsale.nl/product/dbaudiotechnik-d6-amplifier/,Onboard DSP,d&b audiotechnik D6,2,1250.00,POA,EUR,D&B Audiotechnik,,"PRODUCT DESCRIPTION
The 2 RU two channel lightweight d&b audiotechnik D6 amplifier delivers medium power into low impedance loads between 4 and 16 ohms and is ideally suited for use in both mobile and installation environments.

WHAT'S INCLUDED?
1 xD6 amplifier..

PRODUCT DETAILS
Brand
D&B Audiotechnik
Product category
Onboard DSP
Channels
2
Output power 4Ω/channel
600 W
Output power 8Ω/channel
350 W
Height
89 mm (2U)
Weight
8 kg",https://soundsale.nl/wp-content/uploads/2024/05/dbaudiotechnik-d6-soundsale-4.jpg,1,https://soundsale.nl/wp-content/uploads/2024/05/dbaudiotechnik-d6-soundsale-1.jpg,2,https://soundsale.nl/wp-content/uploads/2024/05/dbaudiotechnik-d6-soundsale-2.jpg,3,https://soundsale.nl/wp-content/uploads/2024/05/dbaudiotechnik-d6-soundsale-3.jpg,4,,5,,6,,7
soundsale.nl,https://soundsale.nl/product/lacoustics-krpaint8019-brown/,Accessories,L-Acoustics KR PAINT8019,20,365.00,POA,EUR,L-Acoustics,,"PRODUCT DESCRIPTION
The L-Acoustics KR PAINT8019 (12 kg) is the original brown L-Acoustics textured paint (RAL8019), also known as old paint or Maroon gray.

WHAT'S INCLUDED?
1 x KR PAINT8019 (12 kg).

PRODUCT DETAILS
Brand
L-Acoustics
Product category
Accessories",https://soundsale.nl/wp-content/uploads/2024/04/lacoustics-kr-paint8019-soundsale-2.jpg,1,https://soundsale.nl/wp-content/uploads/2024/04/lacoustics-kr-paint8019-soundsale-1.jpg,2,,3,,4,,5,,6,,7
soundsale.nl,https://soundsale.nl/product/lacoustics-paint1k8019-brown/,Accessories,L-Acoustics KR PAINT1K8019,20,50.00,POA,EUR,L-Acoustics,,"PRODUCT DESCRIPTION
The L-Acoustics KR PAINT1K8019 (1 kg) is the original brown L-Acoustics textured paint (RAL8019), also known as old paint or Maroon gray.

WHAT'S INCLUDED?
1 x KR PAINT1K8019 (1 kg).

PRODUCT DETAILS
Brand
L-Acoustics
Product category
Accessories",https://soundsale.nl/wp-content/uploads/2024/04/lacoustics-kr-paint1k8019-soundsale-1.jpg,1,https://soundsale.nl/wp-content/uploads/2024/04/lacoustics-kr-paint1k8019-soundsale-2.jpg,2,,3,,4,,5,,6,,7
soundsale.nl,https://soundsale.nl/product/qsc-lf4115-subwoofer/,Subwoofer,QSC LF-4115,1,499.00,POA,EUR,QSC,,"PRODUCT DESCRIPTION
The QSC LF-4115 single 15″ (381mm) low-frequency enclosure is designed specifically to address the extended low-frequency response required for cinema applications. The LF-4115 covers the frequency range from 35 Hz to 250 Hz.

WHAT'S INCLUDED?
1 x LF-4115.

PRODUCT DETAILS
Brand
QSC
Product category
Subwoofer
Speaker type
Passive
Components
One 15"" (381mm) high efficiency, extended bass woofer featuring a 4"" copper voice coil
Nominal impedance
4 Ω
Maximum Input Power
500 W RMS
Sensitivity 1 watt/1 meter, half space
93.5 dB
Frequency response
35 – 250 Hz
Dimensions (W x H x D)
762 x 470 x 516 mm
Weight
38 kg",https://soundsale.nl/wp-content/uploads/2024/03/qsc-lf4115-soundsale-5.jpg,1,https://soundsale.nl/wp-content/uploads/2024/03/qsc-lf4115-soundsale-4.jpg,2,https://soundsale.nl/wp-content/uploads/2024/03/qsc-lf4115-soundsale-2.jpg,3,https://soundsale.nl/wp-content/uploads/2024/03/qsc-lf4115-soundsale-3.jpg,4,https://soundsale.nl/wp-content/uploads/2024/03/qsc-lf4115-soundsale-1.jpg,5,,6,,7
soundsale.nl,https://soundsale.nl/product/qsc-adc6tbk-speaker-ceiling/,Point source,QSC AD-C6T-BK,2,900.00,POA,EUR,QSC,,"PRODUCT DESCRIPTION
The QSC (Q-SYS) AcousticDesign™ AD-C6T is a 6.5″ two-way ceiling loudspeaker ideally suited for a wide variety of foreground and background sound reinforcement applications which utilize 70/100V or 16Ω bypass configurations.

WHAT'S INCLUDED?
1 x AD-C6T-BK.

PRODUCT DETAILS
Brand
QSC
Product category
Point source
Speaker type
Passive
Components
6.5"" weather treated paper cone woofer, 0.75 aluminum dome tweeter
Nominal impedance
16Ω, 70V, 100V
Maximum SPL
112 dB peak
Frequency response
65 Hz – 20 kHz
Dimensions (Ø x H)
Ø 280 x 237 mm (Cutout dimension Ø 245 mm)
Weight
4.3 kg",https://soundsale.nl/wp-content/uploads/2024/03/qsc-adc6t-ceiling-soundsale-4.jpg,1,https://soundsale.nl/wp-content/uploads/2024/03/qsc-adc6t-ceiling-soundsale-3.jpg,2,https://soundsale.nl/wp-content/uploads/2024/03/qsc-adc6t-ceiling-soundsale-2.jpg,3,https://soundsale.nl/wp-content/uploads/2024/03/qsc-adc6t-ceiling-soundsale-1.jpg,4,,5,,6,,7
soundsale.nl,https://soundsale.nl/product/clairbrothers-12am/,Stage monitor,Clair Brothers 12AM (2),2,1750.00,POA,EUR,Clair Brothers,,"PRODUCT DESCRIPTION
The Clair Brothers 12AM is the monitor of choice for the world’s top entertainers. This portable, low-profile, high output stage monitoring speaker delivers incredible SPL, exceptional vocal reproduction, and unprecedented low frequency reproduction from a small enclosure.

WHAT'S INCLUDED?
2 x Clair Brothers AM12;
1 x flightcase.

PRODUCT DETAILS
Brand
Clair Brothers
Product category
Stage monitor
Speaker type
Passive
Components
LF 1 x 12”, HF 1 x 2""
Nominal impedance
LF 8Ω, HF 16Ω
Maximum SPL
131dB peak
Frequency response
50Hz–18kHz ±2dB
Dimensions (W x H x D)
570 x 354 x 458 mm
Weight
31 kg",https://soundsale.nl/wp-content/uploads/2023/11/clairbrothers-12am-soundsale-5.jpg,1,https://soundsale.nl/wp-content/uploads/2023/11/clairbrothers-12am-soundsale-2.jpg,2,https://soundsale.nl/wp-content/uploads/2023/11/clairbrothers-12am-soundsale-1.jpg,3,https://soundsale.nl/wp-content/uploads/2023/11/clairbrothers-12am-soundsale-4.jpg,4,https://soundsale.nl/wp-content/uploads/2023/11/clairbrothers-12am-soundsale-3.jpg,5,https://soundsale.nl/wp-content/uploads/2023/11/clairbrothers-12am-soundsale-6.jpg,6,,7
soundsale.nl,https://soundsale.nl/product/soundsale-ks21-cover/,Accessories,Soundsale KS21 Cover,10,125.00,POA,EUR,Soundsale,,"PRODUCT DESCRIPTION
Soundsale protective cover for the L-Acoustics KS21 subwoofer, including flaps to provide access to the connector plate.

WHAT'S INCLUDED?
1 x cover for L-Acoustics KS21.

PRODUCT DETAILS
Brand
Soundsale
Product category
Accessories",https://soundsale.nl/wp-content/uploads/2023/10/lacoustics-ks21-cover-soundsale-2.jpg,1,https://soundsale.nl/wp-content/uploads/2023/10/lacoustics-ks21-cover-soundsale-3.jpg,2,https://soundsale.nl/wp-content/uploads/2023/10/lacoustics-ks21-cover-soundsale-1.jpg,3,,4,,5,,6,,7
soundsale.nl,https://soundsale.nl/product/soundsale-kara-cover/,Accessories,Soundsale KARA Cover,10,175.00,POA,EUR,Soundsale,,"PRODUCT DESCRIPTION
Soundsale protective cover for six pieces L-Acoustics Kara on KARA Dolly.

WHAT'S INCLUDED?
1 x cover for 6 pieces L-Acoustics Kara in combination with KARA Dolly.

PRODUCT DETAILS
Brand
Soundsale
Product category
Accessories",https://soundsale.nl/wp-content/uploads/2020/07/soundsale-kara-dolly-cover-lacoustics-6.jpg,1,https://soundsale.nl/wp-content/uploads/2020/07/soundsale-kara-dolly-cover-lacoustics-4.jpg,2,https://soundsale.nl/wp-content/uploads/2020/07/soundsale-kara-dolly-cover-lacoustics-5.jpg,3,https://soundsale.nl/wp-content/uploads/2020/07/soundsale-kara-dolly-cover-lacoustics-3.jpg,4,,5,,6,,7
soundsale.nl,https://soundsale.nl/product/soundsale-wifo-stackframe/,Accessories,Soundsale WIFO Stackframe,43,599.00,POA,EUR,Soundsale,,"PRODUCT DESCRIPTION
Soundsale’s WiFo Stackframe is a fixed frame that interfaces between L-Acoustics SB18/SB18m and ARCS Wide/Focus in a stacked array. The Stackframe is secured to the enclosure and to the subwoofer with existing rigging.

WHAT'S INCLUDED?
1 x WIFO Stackframe.

PRODUCT DETAILS
Brand
Soundsale
Product category
Accessories",https://soundsale.nl/wp-content/uploads/2023/09/soundsale-stackframe-wifo-2.jpg,1,https://soundsale.nl/wp-content/uploads/2023/09/soundsale-stackframe-wifo-1.jpg,2,https://soundsale.nl/wp-content/uploads/2023/09/soundsale-stackframe-wifo-3.jpg,3,https://soundsale.nl/wp-content/uploads/2023/09/soundsale-stackframe-wifo-4.jpg,4,https://soundsale.nl/wp-content/uploads/2023/09/soundsale-stackframe-wifo-5.jpg,5,https://soundsale.nl/wp-content/uploads/2023/09/soundsale-stackframe-wifo-6.jpg,6,https://soundsale.nl/wp-content/uploads/2023/09/soundsale-stackframe-wifo-7.jpg,7
soundsale.nl,https://soundsale.nl/product/soundsale-astack-flightcase-set/,Accessories,Soundsale A-STACK (2) + flightcase,48,1599.00,POA,EUR,Soundsale,,"PRODUCT DESCRIPTION
Soundsale’s A-STACK is a fixed frame that interfaces between L-Acoustics KS21 and A10/A15 in a stacked array. It should be used in combination with two KS21-OUTRIG under KS21 to ensure stability. The locating pins on A-STACK match the lodgings on the enclosure, to enable deployments with the HF section on either side. A-STACK is secured to the enclosure and to the subwoofer with threaded knobs. The subwoofer knob can only be used with KS21 pole mount (with insert). The opening angle of A-STACK can be adjusted between 20° and 35°. The label displays the opening angle of the accessory and not the site angle of the enclosure(s).

WHAT'S INCLUDED?
2 x A-STACK frame;
1 x flightcase.

PRODUCT DETAILS
Brand
Soundsale
Product category
Accessories",https://soundsale.nl/wp-content/uploads/2023/09/soundsale-astack-frame-lacoustics-6.jpg,1,https://soundsale.nl/wp-content/uploads/2023/09/soundsale-astack-frame-lacoustics-1.jpg,2,https://soundsale.nl/wp-content/uploads/2023/09/soundsale-astack-frame-lacoustics-3.jpg,3,https://soundsale.nl/wp-content/uploads/2023/09/soundsale-astack-frame-lacoustics-4.jpg,4,https://soundsale.nl/wp-content/uploads/2023/09/soundsale-astack-frame-lacoustics-5.jpg,5,https://soundsale.nl/wp-content/uploads/2023/09/soundsale-astack-frame-lacoustics-12.jpg,6,https://soundsale.nl/wp-content/uploads/2023/09/soundsale-astack-frame-lacoustics-7.jpg,7
soundsale.nl,https://soundsale.nl/product/electrovoice-do1-netmax-card/,Others,Electro-Voice DO-1,1,250.00,POA,EUR,Electro-Voice,,"PRODUCT DESCRIPTION
The Electro-Voice DO-1 is an eight-channel digital output module for the NetMax System Controller. Digital audio signals in AES/EBU format are connected via screw-lockable Euro block connectors. Internally the signals are processed in 48-bit word length.

WHAT'S INCLUDED?
1 x Electro-Voice DO-1.

PRODUCT DETAILS
Brand
Electro-Voice
Product category
Others
Digital Audio (Mini – YGDAI Slot)
Convention Mini – YGDAI Interface",https://soundsale.nl/wp-content/uploads/2020/07/electrovoice-do1-soundsale-2.jpg,1,https://soundsale.nl/wp-content/uploads/2020/07/electrovoice-do1-soundsale-1.jpg,2,,3,,4,,5,,6,,7
soundsale.nl,https://soundsale.nl/product/optocore-ys2-yamaha-io/,Others,Optocore YS2,1,95.00,POA,EUR,Optocore,,"PRODUCT DESCRIPTION
The Optocore YS2 card is a cascadable daughter board for Yahama card YG2. According to the Yamaha miniYGDAI standard, the YS2 features 16 in/16 out audio channels through the console slot. The front panel offers one “Main” port to connect via CAT5 cables to the RJ45 “SUB” port of a YG2 card. Through the “Sub” port of the YS2 card cascading of up to three YS2 cards is possible, to enlarge the number of audio channels up to 64 in/64 out (32 in/32 out @ 96kHz).

WHAT'S INCLUDED?
1 x Optocore YS2;
1 x cable set.

PRODUCT DETAILS
Brand
Optocore
Product category
Others
Digital Audio (Mini – YGDAI Slot)
Convention Mini – YGDAI Interface",https://soundsale.nl/wp-content/uploads/2020/07/optocore-ys2-soundsale-1.jpg,1,https://soundsale.nl/wp-content/uploads/2020/07/optocore-ys2-soundsale-2.jpg,2,https://soundsale.nl/wp-content/uploads/2020/07/optocore-ys2-soundsale-3.jpg,3,,4,,5,,6,,7
soundsale.nl,https://soundsale.nl/product/lacoustics-kudocov-accessories/,Accessories,L-Acoustics KUDOCOV,20,175.00,POA,EUR,L-Acoustics,,"PRODUCT DESCRIPTION
Original protective cover for the L-Acoustics KUDO.

WHAT'S INCLUDED?
1 x original cover for L-Acoustics KUDO (new in box).

PRODUCT DETAILS
Brand
L-Acoustics
Product category
Accessories",https://soundsale.nl/wp-content/uploads/2022/09/lacoustics-kudocov-soundsale-1.jpg,1,https://soundsale.nl/wp-content/uploads/2022/09/lacoustics-kudocov-soundsale-3.jpg,2,https://soundsale.nl/wp-content/uploads/2022/09/lacoustics-kudocov-soundsale-2.jpg,3,,4,,5,,6,,7
soundsale.nl,https://soundsale.nl/product/extron-system5-ip-others/,Others,Extron System 5 IP (4),10,100.00,POA,EUR,Extron,,"PRODUCT DESCRIPTION
Special limited time offer for a set of 4 pieces. The Extron System 5 IP is a five input, multi-format AV switcher that provides an all-in-one, affordable solution for single display AV installations in classrooms, boardrooms, conference rooms, and multimedia environments. It includes such features as configurable inputs, easy-to-use IR learning, customized display control via RS-232, relays for room control, an integrated 40-watt, rms, audio amplifier, and Ethernet monitoring and control.

WHAT'S INCLUDED?
4 x System 5 IP.

PRODUCT DETAILS
Brand
Extron
Product category
Others
Channels
2
Output power 4Ω/channel
40 W
Output power 8Ω/channel
40 W
Height
45 mm (1U)
Weight
2.7 kg",https://soundsale.nl/wp-content/uploads/2020/12/Extron-System-5-IP-2019-11-1.jpg,1,https://soundsale.nl/wp-content/uploads/2020/12/Extron-System-5-IP-2019-11-2.jpg,2,https://soundsale.nl/wp-content/uploads/2020/12/Extron-System-5-IP-2019-11-5.jpg,3,https://soundsale.nl/wp-content/uploads/2020/12/Extron-System-5-IP-2019-11-4.jpg,4,https://soundsale.nl/wp-content/uploads/2020/12/Extron-System-5-IP-2019-11-3.jpg,5,,6,,7
soundsale.nl,https://soundsale.nl/product/master-audio-12nd-dpm-others/,Others,Master Audio 12ND DPM,2,50.00,POA,EUR,Master Audio,,"PRODUCT DESCRIPTION
Dynamic Processing Module for Master MD-12ND loudspeaker system.

WHAT'S INCLUDED?
1 x 12ND DPM.

PRODUCT DETAILS
Brand
Master Audio
Product category
Others",https://soundsale.nl/wp-content/uploads/2020/08/master-audio-dpm-12nd-soundsale-1.jpg,1,,2,,3,,4,,5,,6,,7
soundsale.nl,https://soundsale.nl/product/crown-audio-pip-amc-others/,Others,Crown Audio P.I.P.-AMC,2,50.00,POA,EUR,Crown Audio,,"PRODUCT DESCRIPTION
The P.I.P. -AMC module is a versatile monophonic acoustic modelling crossover that plugs into Crown amplifiers with P.I.P. compability. It combines the functiones of a crossover, equalizer and compressor.

WHAT'S INCLUDED?
1 x Crown Audio P.I.P. -AMC module.

PRODUCT DETAILS
Brand
Crown Audio
Product category
Others",https://soundsale.nl/wp-content/uploads/2020/08/crown-pip-amc-soundsale.jpg,1,,2,,3,,4,,5,,6,,7
soundsale.nl,https://soundsale.nl/product/yamaha-my16-td-others/,Others,Yamaha MY16-TD,5,199.00,POA,EUR,Yamaha,,"PRODUCT DESCRIPTION
16-Channel TDIF-1 (TASCAM) Format I/O card:
24bit resolution, 16-in/16-out TDIF-1 (TASCAM) interface (8-in/8-out at 96kHz);
2x D-sub 25 pin connectors.

WHAT'S INCLUDED?
1 x Yamaha MY16-TD.

PRODUCT DETAILS
Brand
Yamaha
Product category
Others",https://soundsale.nl/wp-content/uploads/2020/08/yamaha-my16-td-soundsale.jpg,1,,2,,3,,4,,5,,6,,7
soundsale.nl,https://soundsale.nl/product/yamaha-my8-ae-others/,Others,Yamaha MY8-AE,6,149.00,POA,EUR,Yamaha,,"PRODUCT DESCRIPTION
8-Channel AES/EBU I/O Card:
24bit resolution, 8-in/8-out AES/EBU interface (4-in/4-out at 96kHz);
1x D-sub 25 pin connector.

WHAT'S INCLUDED?
1 x Yamaha MY8-AE.

PRODUCT DETAILS
Brand
Yamaha
Product category
Others",https://soundsale.nl/wp-content/uploads/2020/08/yamaha-my8-ae-soundsale.jpg,1,,2,,3,,4,,5,,6,,7
soundsale.nl,https://soundsale.nl/product/yamaha-ad8hr-outboard/,Outboard,Yamaha AD8HR,12,299.00,POA,EUR,Yamaha,,"PRODUCT DESCRIPTION
With the AD8HR Yamaha introduces a new generation of 8-channel remote microphone preamp/AD converters combining unparalleled sound quality with a host of innovative functions in a compact 1U rack size unit.The AD8HR can be used with Yamaha digital consoles such as the PM5D, DM2000 and DM1000, providing high-quality remote microphone preamps with analog circuitry derived from the extraordinary PM5000 analog console. The AD8HRprovides digital audio output via high-performance 24-bit/96-kHz AD converters, and simple digital connection allows gain, filter, and phantom power control right from the console!

WHAT'S INCLUDED?
1 x AD8HR.

PRODUCT DETAILS
Brand
Yamaha
Product category
Outboard
Height
45 mm (1U)",https://soundsale.nl/wp-content/uploads/2020/08/yamaha-ad8hr-soundsale-1.jpg,1,https://soundsale.nl/wp-content/uploads/2020/08/yamaha-ad8hr-soundsale-3.jpg,2,https://soundsale.nl/wp-content/uploads/2020/08/yamaha-ad8hr-soundsale-4.jpg,3,https://soundsale.nl/wp-content/uploads/2020/08/yamaha-ad8hr-soundsale-2.jpg,4,https://soundsale.nl/wp-content/uploads/2020/08/yamaha-ad8hr-soundsale-5.jpg,5,,6,,7
soundsale.nl,https://soundsale.nl/product/vestax-dgt-202/,Outboard,Vestax DGT 202,1,99.00,POA,EUR,Vestax,,"PRODUCT DESCRIPTION
Vestax DGT 202 dual noise gate.

WHAT'S INCLUDED?
1 x DGT 202.

PRODUCT DETAILS
Brand
Vestax
Product category
Outboard
Height
45 mm (1U)",https://soundsale.nl/wp-content/uploads/2020/07/vestax-dgt202-soundsale-01.jpg,1,https://soundsale.nl/wp-content/uploads/2020/07/vestax-dgt202-soundsale-02.jpg,2,https://soundsale.nl/wp-content/uploads/2020/07/vestax-dgt202-soundsale-03.jpg,3,https://soundsale.nl/wp-content/uploads/2020/07/vestax-dgt202-soundsale-04.jpg,4,https://soundsale.nl/wp-content/uploads/2020/07/vestax-dgt202-soundsale-05.jpg,5,,6,,7
soundsale.nl,https://soundsale.nl/product/shure-dfr11eq/,Outboard,Shure DFR11EQ,8,100.00,POA,EUR,Shure,,"PRODUCT DESCRIPTION
The Shure Model DFR11EQ Version 5 is a single channel signal processor that combines an equalizer, feedback reducer, limiter and delay in a single, half-rack enclosure. The DFR11EQ is designed to be placed in a sound reinforcement signal path to allow equalization of the overall sound system response and automatically detect and control acoustical feedback. The DFR11EQ is designed for installed sound reinforcement applications, such as theaters, conference rooms, meeting halls or houses of worship. The DFR11EQ Version 5 is also an effective setup tool for controlling major feedback modes in live music applications.

WHAT'S INCLUDED?
1 x Shure DFR11EQ.

PRODUCT DETAILS
Brand
Shure
Product category
Outboard
Height
45 mm (1U)",https://soundsale.nl/wp-content/uploads/2024/11/shure-dfr11eq-soundsale-1.jpg,1,https://soundsale.nl/wp-content/uploads/2024/11/shure-dfr11eq-soundsale-2.jpg,2,,3,,4,,5,,6,,7
soundsale.nl,https://soundsale.nl/product/klark-teknik-dn514/,Outboard,Klark Teknik DN514,2,250.00,POA,EUR,Klark Teknik,,"PRODUCT DESCRIPTION
The DN514 Plus from Klark Teknik is a four-channel gate, that provides frequency conscious gating along with sidechain key signal triggering. The Quad Auto Gate is designed to enable the studio or PA engineer to greatly improve the quality of sound sources quickly and simply, by gating out unwanted background clutter or tape hiss.

WHAT'S INCLUDED?
1 x Klark Teknik DN514.

PRODUCT DETAILS
Brand
Klark Teknik
Product category
Outboard
Height
45 mm (1U)",https://soundsale.nl/wp-content/uploads/2020/07/klark-teknik-dn514-soundsale-001.jpg,1,https://soundsale.nl/wp-content/uploads/2020/07/klark-teknik-dn514-soundsale-002.jpg,2,https://soundsale.nl/wp-content/uploads/2020/07/klark-teknik-dn514-soundsale-003.jpg,3,https://soundsale.nl/wp-content/uploads/2020/07/klark-teknik-dn514-soundsale-004.jpg,4,https://soundsale.nl/wp-content/uploads/2020/07/klark-teknik-dn514-soundsale-005.jpg,5,,6,,7
soundsale.nl,https://soundsale.nl/product/drawmer-mx30/,Outboard,Drawmer MX30,2,165.00,POA,EUR,Drawmer,,"PRODUCT DESCRIPTION
The MX30 Pro Gated/Comp/Limiter is a low cost professional quality dynamics processor. Drawing on our many years experience in professional audio we have developed a series of lower-cost Drawmer dynamic signal processors, the MX Pro range. Aimed at the musician, project studio and live performer, who is determined not to compromise on quality, but have to work to a tighter budget.

WHAT'S INCLUDED?
1 x Drawmer MX30.

PRODUCT DETAILS
Brand
Drawmer
Product category
Outboard
Height
45 mm (1U)",https://soundsale.nl/wp-content/uploads/2020/07/drawmer-mx30-soundsale-01.jpg,1,https://soundsale.nl/wp-content/uploads/2020/07/drawmer-mx30-soundsale-02.jpg,2,https://soundsale.nl/wp-content/uploads/2020/07/drawmer-mx30-soundsale-03.jpg,3,https://soundsale.nl/wp-content/uploads/2020/07/drawmer-mx30-soundsale-04.jpg,4,https://soundsale.nl/wp-content/uploads/2020/07/drawmer-mx30-soundsale-05.jpg,5,,6,,7
soundsale.nl,https://soundsale.nl/product/drawmer-dl221/,Outboard,Drawmer DL221,1,199.00,POA,EUR,Drawmer,,"PRODUCT DESCRIPTION
The DL221 is a Dual Compressor/Limiter combining ease of operation with flexible performance, low noise and low distortion.

WHAT'S INCLUDED?
1 x Drawmer DL221.

PRODUCT DETAILS
Brand
Drawmer
Product category
Outboard",https://soundsale.nl/wp-content/uploads/2020/07/drawmer-dl221-soundsale-001.jpg,1,https://soundsale.nl/wp-content/uploads/2020/07/drawmer-dl221-soundsale-002.jpg,2,https://soundsale.nl/wp-content/uploads/2020/07/drawmer-dl221-soundsale-003.jpg,3,https://soundsale.nl/wp-content/uploads/2020/07/drawmer-dl221-soundsale-004.jpg,4,https://soundsale.nl/wp-content/uploads/2020/07/drawmer-dl221-soundsale-005.jpg,5,,6,,7
soundsale.nl,https://soundsale.nl/product/bss-fcs-960/,Outboard,BSS FCS-960,1,275.00,POA,EUR,BSS,,"PRODUCT DESCRIPTION
The FCS-960 is a 30-band graphic equaliser featuring Dual Mode switching between Normal and Fine filter width settings on each channel. The FCS-960 provides two channels in 3U of rack space. Constant Q-filters with filter-bypass centre taps are controlled by high grade, 45mm faders with moulded polymer fader knobs which eliminate visual parallax error even under low light conditions.

WHAT'S INCLUDED?
1 x BSS FCS-960.

PRODUCT DETAILS
Brand
BSS
Product category
Outboard
Height
133 mm (3U)",https://soundsale.nl/wp-content/uploads/2020/07/bss-fcs960-soundsale-001.jpg,1,https://soundsale.nl/wp-content/uploads/2020/07/bss-fcs960-soundsale-002.jpg,2,https://soundsale.nl/wp-content/uploads/2020/07/bss-fcs960-soundsale-004.jpg,3,https://soundsale.nl/wp-content/uploads/2020/07/bss-fcs960-soundsale-003.jpg,4,https://soundsale.nl/wp-content/uploads/2020/07/bss-fcs960-soundsale-005.jpg,5,,6,,7
soundsale.nl,https://soundsale.nl/product/bss-dpr-522/,Outboard,BSS DPR-522,4,185.00,POA,EUR,BSS,,"PRODUCT DESCRIPTION
The DPR-522 Dual Gate has a comprehensive array of creative functions, taking its applications far beyond conventional units. Several major features make setting up the DPR-522 much faster and easier than conventional gates.

WHAT'S INCLUDED?
1 x BSS DPR-522.

PRODUCT DETAILS
Brand
BSS
Product category
Outboard
Height
45 mm (1U)",https://soundsale.nl/wp-content/uploads/2020/07/bss-dpr522-soundsale-01.jpg,1,https://soundsale.nl/wp-content/uploads/2020/07/bss-dpr522-soundsale-02.jpg,2,https://soundsale.nl/wp-content/uploads/2020/07/bss-dpr522-soundsale-04.jpg,3,https://soundsale.nl/wp-content/uploads/2020/07/bss-dpr522-soundsale-03.jpg,4,https://soundsale.nl/wp-content/uploads/2020/07/bss-dpr522-soundsale-05.jpg,5,,6,,7
soundsale.nl,https://soundsale.nl/product/behringer-xr4400/,Outboard,Behringer XR4400,1,30.00,POA,EUR,Behringer,,"PRODUCT DESCRIPTION
Reference-Class, Interactive, Frequency-Selective, 4-Channel Expander / Gate.

WHAT'S INCLUDED?
1 x Behringer XR4400.

PRODUCT DETAILS
Brand
Behringer
Product category
Outboard
Height
45 mm (1U)",https://soundsale.nl/wp-content/uploads/2020/07/behringer-xr4400-soundsale-001.jpg,1,https://soundsale.nl/wp-content/uploads/2020/07/behringer-xr4400-soundsale-002.jpg,2,https://soundsale.nl/wp-content/uploads/2020/07/behringer-xr4400-soundsale-003.jpg,3,https://soundsale.nl/wp-content/uploads/2020/07/behringer-xr4400-soundsale-004.jpg,4,https://soundsale.nl/wp-content/uploads/2020/07/behringer-xr4400-soundsale-005.jpg,5,,6,,7
soundsale.nl,https://soundsale.nl/product/behringer-dsp1000p/,Outboard,Behringer DSP1000P,1,39.00,POA,EUR,Behringer,,"PRODUCT DESCRIPTION
Ultra-High Performance Digital Multi-Effects Processor Powered by a 24-Bit High-Speed Digital Signal Processor (DSP).

WHAT'S INCLUDED?
1 x Behringer DSP1000P.

PRODUCT DETAILS
Brand
Behringer
Product category
Outboard
Height
45 mm (1U)",https://soundsale.nl/wp-content/uploads/2020/07/behringer-dsp1000p-soundsale-001.jpg,1,https://soundsale.nl/wp-content/uploads/2020/07/behringer-dsp1000p-soundsale-003.jpg,2,https://soundsale.nl/wp-content/uploads/2020/07/behringer-dsp1000p-soundsale-002.jpg,3,https://soundsale.nl/wp-content/uploads/2020/07/behringer-dsp1000p-soundsale-005.jpg,4,https://soundsale.nl/wp-content/uploads/2020/07/behringer-dsp1000p-soundsale-004.jpg,5,,6,,7
soundsale.nl,https://soundsale.nl/product/arx-sixgate/,Outboard,ARX Sixgate,1,199.00,POA,EUR,ARX,,"PRODUCT DESCRIPTION
The sheer amount of effects and signal processors required for today’s standards of audio production puts a great strain on the available space in equipment racks, both in the studio and on the road. So, in order to give engineers more control in less space, we’ve created the ARX Sixgate; Six full function noise gates neatly housed in a compact, all steel 1 RU package, without sacrificing features or quality.

WHAT'S INCLUDED?
1 x ARX Sixgate.

PRODUCT DETAILS
Brand
ARX
Product category
Outboard
Height
45 mm (1U)",https://soundsale.nl/wp-content/uploads/2020/07/arx-six-gate-soundsale-001.jpg,1,https://soundsale.nl/wp-content/uploads/2020/07/arx-six-gate-soundsale-003.jpg,2,https://soundsale.nl/wp-content/uploads/2020/07/arx-six-gate-soundsale-002.jpg,3,https://soundsale.nl/wp-content/uploads/2020/07/arx-six-gate-soundsale-004.jpg,4,https://soundsale.nl/wp-content/uploads/2020/07/arx-six-gate-soundsale-005.jpg,5,,6,,7
soundsale.nl,https://soundsale.nl/product/apex-audio-gx-230/,Outboard,Apex Audio GX-230,3,175.00,POA,EUR,Apex Audio,,"PRODUCT DESCRIPTION
The heart of Apex GX-230 equaliser is a bank of 30 constant-Q bandpass filters made with Dynamically Laser Trimmed (DLT) hybrid circuits per channel. The DLT-technology offers you ultra accuracy and artefact-less frequency, phase and amplitude response. The constant-Q design preserves filter bandwidth independent from the amplitude control settings and therefore minimises the adjacent band interaction. Constant-Q reinforces the graphical representation by the front panel faders of the actual frequency response.

WHAT'S INCLUDED?
1 x Apex Audio GX-230.

PRODUCT DETAILS
Brand
Apex Audio
Product category
Outboard
Height
133 mm (3U)",https://soundsale.nl/wp-content/uploads/2020/07/apex-gx230-soundsale-001.jpg,1,https://soundsale.nl/wp-content/uploads/2020/07/apex-gx230-soundsale-002.jpg,2,https://soundsale.nl/wp-content/uploads/2020/07/apex-gx230-soundsale-004.jpg,3,https://soundsale.nl/wp-content/uploads/2020/07/apex-gx230-soundsale-003.jpg,4,https://soundsale.nl/wp-content/uploads/2020/07/apex-gx230-soundsale-005.jpg,5,,6,,7
soundsale.nl,https://soundsale.nl/product/apex-audio-dbg-8/,Outboard,Apex Audio dBG-8,2,350.00,POA,EUR,Apex Audio,,"PRODUCT DESCRIPTION
Critical when working with gates is the ability to trigger on the signals you intended to trigger on. For this reason the dBG-8 has been equipped with a very powerful side-chain band-pass equaliser. We have even added a listen function so that you can really fine-trim the signal on which you want the gate to trigger.

WHAT'S INCLUDED?
1 x Apex Audio dBG-8.

PRODUCT DETAILS
Brand
Apex Audio
Product category
Outboard
Height
45 mm (1U)",https://soundsale.nl/wp-content/uploads/2020/07/apex-dbg8-soundsale-01.jpg,1,https://soundsale.nl/wp-content/uploads/2020/07/apex-dbg8-soundsale-02.jpg,2,https://soundsale.nl/wp-content/uploads/2020/07/apex-dbg8-soundsale-04.jpg,3,https://soundsale.nl/wp-content/uploads/2020/07/apex-dbg8-soundsale-03.jpg,4,https://soundsale.nl/wp-content/uploads/2020/07/apex-dbg8-soundsale-05.jpg,5,,6,,7
soundsale.nl,https://soundsale.nl/product/cover-for-lacoustics-sb28/,Accessories,Soundsale cover for L-Acoustics SB28,8,135.00,POA,EUR,Soundsale,,"PRODUCT DESCRIPTION
Soundsale protective cover for the L-Acoustics SB28 subwoofer, including flaps to provide access to the connector plate.

WHAT'S INCLUDED?
1 x cover for L-Acoustics SB28.

PRODUCT DETAILS
Brand
Soundsale
Product category
Accessories",https://soundsale.nl/wp-content/uploads/2020/06/cover-lacoustics-sb28-soundsale-3.jpg,1,https://soundsale.nl/wp-content/uploads/2020/06/cover-lacoustics-sb28-soundsale-4.jpg,2,https://soundsale.nl/wp-content/uploads/2020/06/cover-lacoustics-sb28-soundsale-2.jpg,3,https://soundsale.nl/wp-content/uploads/2020/06/cover-lacoustics-sb28-soundsale-1.jpg,4,,5,,6,,7
